observed_ts,event_ts,route_id,stop_id,stop_name,headway_sec,label,incident_id,incident_title,incident_note,precipitation_mm,weather_severity,service_alert_active,service_alert_severity,id,predicted_headway_sec,hour,day_of_week,is_weekend,is_peak,route_hash,stop_hash,direction_code,route_direction_hash,lag_headway_1,lag_headway_2,observation_gap_sec,rolling_mean_6,rolling_std_6,rolling_q10_12,rolling_q50_12,rolling_q90_12,station_median_24,station_mad_24,headway_delta_mean,headway_delta_lag,lag_ratio,rolling_zscore,station_baseline_deviation,quantile_band_deviation,event_lead_sec,feed_delay_sec,stale_update_flag,residual,online_model_score,ssl_score,hst_score,relative_error_score,context_score,reason_details,reason_labels,baseline_zscore,baseline_threshold_limit_sec,baseline_threshold,baseline_ewma,baseline_ewma_prediction_sec
2026-02-05T11:00:00+00:00,2026-02-05T11:01:20+00:00,7,705N,74 St - Broadway,224.0,0,,,,0.0,0.0,0.0,0.0,,78.39999999999999,11.0,3.0,0.0,0.0,0.917753259779338,0.8878573173711214,1.0,0.809215844785772,224.0,224.0,224.0,224.0,0.0,224.0,224.0,224.0,224.0,0.0,0.0,0.0,1.0,0.0,0.0,0.0,80.0,0.0,0.0,145.60000000000002,0.18400000000000002,0.2857142857142857,0.0,0.6500000000000001,0.0,[],[],0.0,392.0,0.0,0.0,224.0
2026-02-05T11:00:00+00:00,2026-02-05T11:01:12+00:00,7,726N,Queensboro Plaza,204.0,0,,,,0.0,0.0,0.0,0.0,,71.39999999999999,11.0,3.0,0.0,0.0,0.917753259779338,0.2812118250671879,1.0,0.809215844785772,204.0,204.0,204.0,204.0,0.0,204.0,204.0,204.0,204.0,0.0,0.0,0.0,1.0,0.0,0.0,0.0,72.0,0.0,0.0,132.60000000000002,0.17738129496402882,0.2620760534429599,0.0,0.6500000000000001,0.0,[],[],0.0,357.0,0.0,0.0,204.0
2026-02-05T11:00:00+00:00,2026-02-05T11:01:20+00:00,A,A15N,125 St,224.0,0,,,,0.0,0.0,0.0,0.0,,73.06884816753926,11.0,3.0,0.0,0.0,0.15747241725175526,0.6457366235035427,1.0,0.4486661277283751,224.0,224.0,224.0,224.0,0.0,224.0,224.0,224.0,224.0,0.0,0.0,0.0,1.0,0.0,0.0,0.0,80.0,0.0,0.0,150.93115183246073,0.1910403208021743,0.29725841145556964,0.0,0.6737997849663425,0.0,[],[],0.0,392.0,0.0,0.0,224.0
2026-02-05T11:00:00+00:00,2026-02-05T11:01:08+00:00,A,A27N,59 St - Columbus Circle,194.0,0,,,,0.0,0.0,0.0,0.0,,76.3931555149863,11.0,3.0,0.0,0.0,0.15747241725175526,0.44319569997556807,1.0,0.4486661277283751,194.0,194.0,194.0,194.0,0.0,194.0,194.0,194.0,194.0,0.0,0.0,0.0,1.0,0.0,0.0,0.0,68.0,0.0,0.0,117.6068444850137,0.1628480136537805,0.23518813570013286,0.0,0.6062208478608954,0.0,[],[],0.0,339.5,0.0,0.0,194.0
2026-02-05T11:00:00+00:00,2026-02-05T11:01:28+00:00,F,F09N,Jay St - MetroTech,244.0,0,,,,0.0,0.0,0.0,0.0,,66.29801870659537,11.0,3.0,0.0,0.0,0.7482447342026078,0.8101636941118984,1.0,0.07922392886014551,244.0,244.0,244.0,244.0,0.0,244.0,244.0,244.0,244.0,0.0,0.0,0.0,1.0,0.0,0.0,0.0,88.0,0.0,0.0,177.70198129340463,0.21412478513402472,0.34856748486178696,0.0,0.7282868085795272,0.0,[],[],0.0,427.0,0.0,0.0,244.0
2026-02-05T11:00:00+00:00,2026-02-05T11:01:44+00:00,F,F20N,Bergen St,284.0,0,,,,0.0,0.0,0.0,0.0,,102.41009517809309,11.0,3.0,0.0,0.0,0.7482447342026078,0.5519179086244809,1.0,0.07922392886014551,284.0,284.0,284.0,284.0,0.0,284.0,284.0,284.0,284.0,0.0,0.0,0.0,1.0,0.0,0.0,0.0,104.0,0.0,0.0,181.5899048219069,0.2001083318332273,0.3493005717949126,0.0,0.6394010733165736,0.0,[],[],0.0,497.0,0.0,0.0,284.0
2026-02-05T11:05:00+00:00,2026-02-05T11:06:28+00:00,7,705N,74 St - Broadway,232.0,0,,,,0.0,0.0,0.0,0.0,,77.8420286892826,11.0,3.0,0.0,0.0,0.917753259779338,0.8878573173711214,1.0,0.809215844785772,224.0,224.0,300.0,224.0,0.0,224.0,224.0,224.0,224.0,0.0,8.0,8.0,1.0357142857142858,0.26666666666666666,0.26666666666666666,0.17777777777777778,88.0,0.0,0.0,154.15797131071741,0.21774705195111163,0.295637787071301,0.0,0.6882052290657027,0.05994985569985571,[],[],0.06666666666666667,392.0,0.0,0.0,224.0
2026-02-05T11:05:00+00:00,2026-02-05T11:06:20+00:00,7,726N,Queensboro Plaza,212.0,0,,,,0.0,0.0,0.0,0.0,,92.43090753318693,11.0,3.0,0.0,0.0,0.917753259779338,0.2812118250671879,1.0,0.809215844785772,204.0,204.0,300.0,204.0,0.0,204.0,204.0,204.0,204.0,0.0,8.0,8.0,1.0392156862745099,0.26666666666666666,0.26666666666666666,0.17777777777777778,80.0,0.0,0.0,119.56909246681307,0.18416453309848263,0.23298458475507505,0.0,0.5861230022882994,0.060329174093879986,[],[],0.06666666666666667,357.0,0.0,0.0,204.0
2026-02-05T11:05:00+00:00,2026-02-05T11:06:28+00:00,A,A15N,125 St,232.0,0,,,,0.0,0.0,0.0,0.0,,116.03859448420846,11.0,3.0,0.0,0.0,0.15747241725175526,0.6457366235035427,1.0,0.4486661277283751,224.0,224.0,300.0,224.0,0.0,224.0,224.0,224.0,224.0,0.0,8.0,8.0,1.0357142857142858,0.26666666666666666,0.26666666666666666,0.17777777777777778,88.0,0.0,0.0,115.96140551579154,0.1720292213890619,0.22980003964287313,0.0,0.5176848460526408,0.05994985569985571,[],[],0.06666666666666667,392.0,0.0,0.0,224.0
2026-02-05T11:05:00+00:00,2026-02-05T11:06:16+00:00,A,A27N,59 St - Columbus Circle,202.0,0,,,,0.0,0.0,0.0,0.0,,106.243106401939,11.0,3.0,0.0,0.0,0.15747241725175526,0.44319569997556807,1.0,0.4486661277283751,194.0,194.0,300.0,194.0,0.0,194.0,194.0,194.0,194.0,0.0,8.0,8.0,1.041237113402062,0.26666666666666666,0.26666666666666666,0.17777777777777778,76.0,0.0,0.0,95.756893598061,0.15889337018722058,0.19499993073373398,0.0,0.49359223504155153,0.060548162032698125,[],[],0.06666666666666667,339.5,0.0,0.0,194.0
2026-02-05T11:05:00+00:00,2026-02-05T11:06:36+00:00,F,F09N,Jay St - MetroTech,252.0,0,,,,0.0,0.0,0.0,0.0,,129.80129008258905,11.0,3.0,0.0,0.0,0.7482447342026078,0.8101636941118984,1.0,0.07922392886014551,244.0,244.0,300.0,244.0,0.0,244.0,244.0,244.0,244.0,0.0,8.0,8.0,1.0327868852459017,0.26666666666666666,0.26666666666666666,0.17777777777777778,96.0,0.0,0.0,122.19870991741095,0.17514424325460934,0.2514418588859039,0.0,0.5008143849074219,0.059632720649114096,[],[],0.06666666666666667,427.0,0.0,0.0,244.0
2026-02-05T11:05:00+00:00,2026-02-05T11:06:52+00:00,F,F20N,Bergen St,292.0,0,,,,0.0,0.0,0.0,0.0,,156.38537954133233,11.0,3.0,0.0,0.0,0.7482447342026078,0.5519179086244809,1.0,0.07922392886014551,284.0,284.0,300.0,284.0,0.0,284.0,284.0,284.0,284.0,0.0,8.0,8.0,1.028169014084507,0.26666666666666666,0.26666666666666666,0.17777777777777778,112.0,0.0,0.0,135.61462045866767,0.17890500637753265,0.2795689773329349,0.0,0.4775162692206608,0.05913245127329634,[],[],0.06666666666666667,497.0,0.0,0.0,284.0
2026-02-05T11:10:00+00:00,2026-02-05T11:11:36+00:00,7,705N,74 St - Broadway,240.0,0,,,,0.0,0.0,0.0,0.0,,144.6193182962778,11.0,3.0,0.0,0.0,0.917753259779338,0.8878573173711214,1.0,0.809215844785772,232.0,224.0,300.0,228.0,5.656854249492381,228.0,228.0,228.0,228.0,0.0,12.0,8.0,1.0344827586206897,0.4,0.4,0.26666666666666666,96.0,0.0,0.0,95.38068170372219,0.1590809880793644,0.20165711002632847,0.0,0.4183363232619394,0.0878568443051202,"[{'key': 'station_baseline_deviation', 'label': 'station baseline deviation', 'score': 0.4}, {'key': 'rolling_zscore', 'label': 'rolling z-score jump', 'score': 0.4}]","[""station baseline deviation"", ""rolling z-score jump""]",0.1,399.0,0.0,0.0,226.79999999999998
2026-02-05T11:10:00+00:00,2026-02-05T11:11:28+00:00,7,726N,Queensboro Plaza,220.0,0,,,,0.0,0.0,0.0,0.0,,139.88486515809115,11.0,3.0,0.0,0.0,0.917753259779338,0.2812118250671879,1.0,0.809215844785772,212.0,204.0,300.0,208.0,5.656854249492381,208.0,208.0,208.0,208.0,0.0,12.0,8.0,1.0377358490566038,0.4,0.4,0.26666666666666666,88.0,0.0,0.0,80.11513484190885,0.14660679042118588,0.17508521662413554,0.0,0.3851689175091772,0.08820926243567755,"[{'key': 'station_baseline_deviation', 'label': 'station baseline deviation', 'score': 0.4}, {'key': 'rolling_zscore', 'label': 'rolling z-score jump', 'score': 0.4}]","[""station baseline deviation"", ""rolling z-score jump""]",0.1,364.0,0.0,0.0,206.79999999999998
2026-02-05T11:10:00+00:00,2026-02-05T11:11:36+00:00,A,A15N,125 St,240.0,0,,,,0.0,0.0,0.0,0.0,,163.8928048580314,11.0,3.0,0.0,0.0,0.15747241725175526,0.6457366235035427,1.0,0.4486661277283751,232.0,224.0,300.0,228.0,5.656854249492381,228.0,228.0,228.0,228.0,0.0,12.0,8.0,1.0344827586206897,0.4,0.4,0.26666666666666666,96.0,0.0,0.0,76.10719514196859,0.13727373518643893,0.172078541578546,0.0,0.3338034874647745,0.0878568443051202,"[{'key': 'station_baseline_deviation', 'label': 'station baseline deviation', 'score': 0.4}, {'key': 'rolling_zscore', 'label': 'rolling z-score jump', 'score': 0.4}]","[""station baseline deviation"", ""rolling z-score jump""]",0.1,399.0,0.0,0.0,226.79999999999998
2026-02-05T11:10:00+00:00,2026-02-05T11:11:24+00:00,A,A27N,59 St - Columbus Circle,210.0,0,,,,0.0,0.0,0.0,0.0,,146.6616158649087,11.0,3.0,0.0,0.0,0.15747241725175526,0.44319569997556807,1.0,0.4486661277283751,202.0,194.0,300.0,198.0,5.656854249492381,198.0,198.0,198.0,198.0,0.0,12.0,8.0,1.0396039603960396,0.4,0.4,0.26666666666666666,84.0,0.0,0.0,63.3383841350913,0.13463203463203463,0.14915996634540896,0.0,0.31989082896510757,0.08841164116411643,"[{'key': 'station_baseline_deviation', 'label': 'station baseline deviation', 'score': 0.4}, {'key': 'rolling_zscore', 'label': 'rolling z-score jump', 'score': 0.4}]","[""station baseline deviation"", ""rolling z-score jump""]",0.1,346.5,0.0,0.0,196.8
2026-02-05T11:10:00+00:00,2026-02-05T11:11:44+00:00,F,F09N,Jay St - MetroTech,260.0,0,,,,0.0,0.0,0.0,0.0,,180.583164256471,11.0,3.0,0.0,0.0,0.7482447342026078,0.8101636941118984,1.0,0.07922392886014551,252.0,244.0,300.0,248.0,5.656854249492381,248.0,248.0,248.0,248.0,0.0,12.0,8.0,1.0317460317460319,0.4,0.4,0.26666666666666666,104.0,0.0,0.0,79.41683574352899,0.14054539534900448,0.19233918040577228,0.0,0.32022917638519754,0.08756036556036559,"[{'key': 'station_baseline_deviation', 'label': 'station baseline deviation', 'score': 0.4}, {'key': 'rolling_zscore', 'label': 'rolling z-score jump', 'score': 0.4}]","[""station baseline deviation"", ""rolling z-score jump""]",0.1,434.0,0.0,0.0,246.79999999999998
2026-02-05T11:10:00+00:00,2026-02-05T11:12:00+00:00,F,F20N,Bergen St,300.0,0,,,,0.0,0.0,0.0,0.0,,215.5094279633236,11.0,3.0,0.0,0.0,0.7482447342026078,0.5519179086244809,1.0,0.07922392886014551,292.0,284.0,300.0,288.0,5.656854249492381,288.0,288.0,288.0,288.0,0.0,12.0,8.0,1.0273972602739727,0.4,0.4,0.26666666666666666,120.0,0.0,0.0,84.49057203667641,0.14065509936892182,0.20938110027332268,0.0,0.2933700417940153,0.08708924865089251,"[{'key': 'station_baseline_deviation', 'label': 'station baseline deviation', 'score': 0.4}, {'key': 'rolling_zscore', 'label': 'rolling z-score jump', 'score': 0.4}]","[""station baseline deviation"", ""rolling z-score jump""]",0.1,504.0,0.0,0.0,286.79999999999995
2026-02-05T11:15:00+00:00,2026-02-05T11:16:44+00:00,7,705N,74 St - Broadway,248.0,0,,,,0.0,0.0,0.0,0.0,,210.4611508802073,11.0,3.0,0.0,0.0,0.917753259779338,0.8878573173711214,1.0,0.809215844785772,240.0,232.0,300.0,232.0,8.0,225.6,232.0,238.4,232.0,8.0,16.0,8.0,1.0333333333333334,0.5333333333333333,0.5333333333333333,0.35555555555555557,104.0,0.0,0.0,37.5388491197927,0.1795093795093795,0.09833252220918516,0.0,0.16180538413703752,0.11577272727272728,"[{'key': 'station_baseline_deviation', 'label': 'station baseline deviation', 'score': 0.5333333333333333}, {'key': 'rolling_zscore', 'label': 'rolling z-score jump', 'score': 0.5333333333333333}]","[""station baseline deviation"", ""rolling z-score jump""]",0.13333333333333333,406.0,0.0,0.0,231.42
2026-02-05T11:15:00+00:00,2026-02-05T11:16:36+00:00,7,726N,Queensboro Plaza,228.0,0,,,,0.0,0.0,0.0,0.0,,203.28879979987553,11.0,3.0,0.0,0.0,0.917753259779338,0.2812118250671879,1.0,0.809215844785772,220.0,212.0,300.0,212.0,8.0,205.6,212.0,218.4,212.0,8.0,16.0,8.0,1.0363636363636364,0.5333333333333333,0.5333333333333333,0.35555555555555557,96.0,0.0,0.0,24.711200200124466,0.1795093795093795,0.0690000723951737,0.0,0.11656226509492673,0.1161010101010101,"[{'key': 'station_baseline_deviation', 'label': 'station baseline deviation', 'score': 0.5333333333333333}, {'key': 'rolling_zscore', 'label': 'rolling z-score jump', 'score': 0.5333333333333333}]","[""station baseline deviation"", ""rolling z-score jump""]",0.13333333333333333,371.0,0.0,0.0,211.42
2026-02-05T11:15:00+00:00,2026-02-05T11:16:44+00:00,A,A15N,125 St,248.0,0,,,,0.0,0.0,0.0,0.0,,232.15202674186858,11.0,3.0,0.0,0.0,0.15747241725175526,0.6457366235035427,1.0,0.4486661277283751,240.0,232.0,300.0,232.0,8.0,225.6,232.0,238.4,232.0,8.0,16.0,8.0,1.0333333333333334,0.5333333333333333,0.5333333333333333,0.35555555555555557,104.0,0.0,0.0,15.847973258131418,0.1795093795093795,0.04746042414719383,0.0,0.06826549602236678,0.11577272727272728,"[{'key': 'station_baseline_deviation', 'label': 'station baseline deviation', 'score': 0.5333333333333333}, {'key': 'rolling_zscore', 'label': 'rolling z-score jump', 'score': 0.5333333333333333}]","[""station baseline deviation"", ""rolling z-score jump""]",0.13333333333333333,406.0,0.0,0.0,231.42
2026-02-05T11:15:00+00:00,2026-02-05T11:16:32+00:00,A,A27N,59 St - Columbus Circle,218.0,0,,,,0.0,0.0,0.0,0.0,,205.95255479882206,11.0,3.0,0.0,0.0,0.15747241725175526,0.44319569997556807,1.0,0.4486661277283751,210.0,202.0,300.0,202.0,8.0,195.6,202.0,208.4,202.0,8.0,16.0,8.0,1.0380952380952382,0.5333333333333333,0.5333333333333333,0.35555555555555557,92.0,0.0,0.0,12.047445201177936,0.1795093795093795,0.03879021873787504,0.0,0.05849621633946753,0.11628860028860029,"[{'key': 'station_baseline_deviation', 'label': 'station baseline deviation', 'score': 0.5333333333333333}, {'key': 'rolling_zscore', 'label': 'rolling z-score jump', 'score': 0.5333333333333333}]","[""station baseline deviation"", ""rolling z-score jump""]",0.13333333333333333,353.5,0.0,0.0,201.42000000000002
2026-02-05T11:15:00+00:00,2026-02-05T11:16:52+00:00,F,F09N,Jay St - MetroTech,268.0,0,,,,0.0,0.0,0.0,0.0,,254.8574762076709,11.0,3.0,0.0,0.0,0.7482447342026078,0.8101636941118984,1.0,0.07922392886014551,260.0,252.0,300.0,252.0,8.0,245.6,252.0,258.4,252.0,8.0,16.0,8.0,1.0307692307692307,0.5333333333333333,0.5333333333333333,0.35555555555555557,112.0,0.0,0.0,13.142523792329087,0.1795093795093795,0.045410964024627916,0.0,0.05156813128613063,0.11549494949494948,"[{'key': 'station_baseline_deviation', 'label': 'station baseline deviation', 'score': 0.5333333333333333}, {'key': 'rolling_zscore', 'label': 'rolling z-score jump', 'score': 0.5333333333333333}]","[""station baseline deviation"", ""rolling z-score jump""]",0.13333333333333333,441.0,0.0,0.0,251.42
2026-02-05T11:15:00+00:00,2026-02-05T11:17:08+00:00,F,F20N,Bergen St,308.0,0,,,,0.0,0.0,0.0,0.0,,302.7912471143976,11.0,3.0,0.0,0.0,0.7482447342026078,0.5519179086244809,1.0,0.07922392886014551,300.0,292.0,300.0,292.0,8.0,285.6,292.0,298.4,292.0,8.0,16.0,8.0,1.0266666666666666,0.5333333333333333,0.5333333333333333,0.35555555555555557,128.0,0.0,0.0,5.208752885602394,0.1795093795093795,0.01945608704363343,0.0,0.017202455273201717,0.11505050505050504,"[{'key': 'station_baseline_deviation', 'label': 'station baseline deviation', 'score': 0.5333333333333333}, {'key': 'rolling_zscore', 'label': 'rolling z-score jump', 'score': 0.5333333333333333}]","[""station baseline deviation"", ""rolling z-score jump""]",0.13333333333333333,511.0,0.0,0.0,291.41999999999996
2026-02-05T11:20:00+00:00,2026-02-05T11:21:52+00:00,7,705N,74 St - Broadway,256.0,0,,,,0.0,0.0,0.0,0.0,,291.71475981486697,11.0,3.0,0.0,0.0,0.917753259779338,0.8878573173711214,1.0,0.809215844785772,248.0,240.0,300.0,236.0,10.327955589886445,226.4,236.0,245.6,236.0,8.0,20.0,8.0,1.032258064516129,0.6666666666666666,0.6666666666666666,0.4444444444444444,112.0,0.0,0.0,-35.714759814866966,0.22438672438672438,0.13934689590254543,0.0,0.12243041743082482,0.14369664385793415,"[{'key': 'station_baseline_deviation', 'label': 'station baseline deviation', 'score': 0.6666666666666666}, {'key': 'rolling_zscore', 'label': 'rolling z-score jump', 'score': 0.6666666666666666}]","[""station baseline deviation"", ""rolling z-score jump""]",0.16666666666666666,413.0,0.0,0.0,237.223
2026-02-05T11:20:00+00:00,2026-02-05T11:21:44+00:00,7,726N,Queensboro Plaza,236.0,0,,,,0.0,0.0,0.0,0.0,,239.65645576128233,11.0,3.0,0.0,0.0,0.917753259779338,0.2812118250671879,1.0,0.809215844785772,228.0,220.0,300.0,216.0,10.327955589886445,206.4,216.0,225.6,216.0,8.0,20.0,8.0,1.0350877192982457,0.6666666666666666,0.6666666666666666,0.4444444444444444,104.0,0.0,0.0,-3.6564557612823307,0.22438672438672438,0.015439757625616756,0.0,0.015257071835045675,0.14400318979266347,"[{'key': 'station_baseline_deviation', 'label': 'station baseline deviation', 'score': 0.6666666666666666}, {'key': 'rolling_zscore', 'label': 'rolling z-score jump', 'score': 0.6666666666666666}]","[""station baseline deviation"", ""rolling z-score jump""]",0.16666666666666666,378.0,0.0,0.0,217.223
2026-02-05T11:20:00+00:00,2026-02-05T11:21:52+00:00,A,A15N,125 St,256.0,0,,,,0.0,0.0,0.0,0.0,,253.6413436786353,11.0,3.0,0.0,0.0,0.15747241725175526,0.6457366235035427,1.0,0.4486661277283751,248.0,240.0,300.0,236.0,10.327955589886445,226.4,236.0,245.6,236.0,8.0,20.0,8.0,1.032258064516129,0.6666666666666666,0.6666666666666666,0.4444444444444444,112.0,0.0,0.0,2.358656321364691,0.22438672438672438,0.010793009239918813,0.0,0.009299179255070967,0.14369664385793415,"[{'key': 'station_baseline_deviation', 'label': 'station baseline deviation', 'score': 0.6666666666666666}, {'key': 'rolling_zscore', 'label': 'rolling z-score jump', 'score': 0.6666666666666666}]","[""station baseline deviation"", ""rolling z-score jump""]",0.16666666666666666,413.0,0.0,0.0,237.223
2026-02-05T11:20:00+00:00,2026-02-05T11:21:40+00:00,A,A27N,59 St - Columbus Circle,226.0,0,,,,0.0,0.0,0.0,0.0,,215.3184105447531,11.0,3.0,0.0,0.0,0.15747241725175526,0.44319569997556807,1.0,0.4486661277283751,218.0,210.0,300.0,206.0,10.327955589886445,196.4,206.0,215.6,206.0,8.0,20.0,8.0,1.036697247706422,0.6666666666666666,0.6666666666666666,0.4444444444444444,100.0,0.0,0.0,10.681589455246893,0.22438672438672438,0.052349554324351226,0.0,0.049608342492509554,0.1441775553702159,"[{'key': 'station_baseline_deviation', 'label': 'station baseline deviation', 'score': 0.6666666666666666}, {'key': 'rolling_zscore', 'label': 'rolling z-score jump', 'score': 0.6666666666666666}]","[""station baseline deviation"", ""rolling z-score jump""]",0.16666666666666666,360.5,0.0,0.0,207.223
2026-02-05T11:20:00+00:00,2026-02-05T11:22:00+00:00,F,F09N,Jay St - MetroTech,276.0,0,,,,0.0,0.0,0.0,0.0,,286.3295307102727,11.0,3.0,0.0,0.0,0.7482447342026078,0.8101636941118984,1.0,0.07922392886014551,268.0,260.0,300.0,256.0,10.327955589886445,246.4,256.0,265.6,256.0,8.0,20.0,8.0,1.0298507462686568,0.6666666666666666,0.6666666666666666,0.4444444444444444,120.0,0.0,0.0,-10.329530710272707,0.22438672438672438,0.0541912998873825,0.0,0.036075673664009225,0.14343585104779133,"[{'key': 'station_baseline_deviation', 'label': 'station baseline deviation', 'score': 0.6666666666666666}, {'key': 'rolling_zscore', 'label': 'rolling z-score jump', 'score': 0.6666666666666666}]","[""station baseline deviation"", ""rolling z-score jump""]",0.16666666666666666,448.0,0.0,0.0,257.223
2026-02-05T11:20:00+00:00,2026-02-05T11:22:16+00:00,F,F20N,Bergen St,316.0,0,,,,0.0,0.0,0.0,0.0,,309.09109330826675,11.0,3.0,0.0,0.0,0.7482447342026078,0.5519179086244809,1.0,0.07922392886014551,308.0,300.0,300.0,296.0,10.327955589886445,286.4,296.0,305.6,296.0,8.0,20.0,8.0,1.025974025974026,0.6666666666666666,0.6666666666666666,0.4444444444444444,136.0,0.0,0.0,6.90890669173325,0.22438672438672438,0.03896779723200075,0.0,0.022352331857206798,0.143015873015873,"[{'key': 'station_baseline_deviation', 'label': 'station baseline deviation', 'score': 0.6666666666666666}, {'key': 'rolling_zscore', 'label': 'rolling z-score jump', 'score': 0.6666666666666666}]","[""station baseline deviation"", ""rolling z-score jump""]",0.16666666666666666,518.0,0.0,0.0,297.22299999999996
2026-02-05T11:25:00+00:00,2026-02-05T11:27:00+00:00,7,705N,74 St - Broadway,264.0,0,,,,0.0,0.0,0.0,0.0,,279.60753901911653,11.0,3.0,0.0,0.0,0.917753259779338,0.8878573173711214,1.0,0.809215844785772,256.0,248.0,300.0,240.0,12.649110640673518,227.2,240.0,252.8,240.0,8.0,24.0,8.0,1.03125,0.8,0.8,0.5333333333333333,120.0,0.0,0.0,-15.60753901911653,0.26926406926406926,0.09318816472537475,0.0,0.05581944991136114,0.17162784090909095,"[{'key': 'station_baseline_deviation', 'label': 'station baseline deviation', 'score': 0.8}, {'key': 'rolling_zscore', 'label': 'rolling z-score jump', 'score': 0.8}]","[""station baseline deviation"", ""rolling z-score jump""]",0.2,420.0,0.0,0.0,243.79495
2026-02-05T11:25:00+00:00,2026-02-05T11:26:52+00:00,7,726N,Queensboro Plaza,244.0,0,,,,0.0,0.0,0.0,0.0,,232.7805636721547,11.0,3.0,0.0,0.0,0.917753259779338,0.2812118250671879,1.0,0.809215844785772,236.0,228.0,300.0,220.0,12.649110640673518,207.2,220.0,232.8,220.0,8.0,24.0,8.0,1.0338983050847457,0.8,0.8,0.5333333333333333,112.0,0.0,0.0,11.219436327845301,0.26926406926406926,0.0713582742826073,0.0,0.04819747899419394,0.17191474062660506,"[{'key': 'station_baseline_deviation', 'label': 'station baseline deviation', 'score': 0.8}, {'key': 'rolling_zscore', 'label': 'rolling z-score jump', 'score': 0.8}]","[""station baseline deviation"", ""rolling z-score jump""]",0.2,385.0,0.0,0.0,223.79495
2026-02-05T11:25:00+00:00,2026-02-05T11:27:00+00:00,A,A15N,125 St,264.0,0,,,,0.0,0.0,0.0,0.0,,84.0,11.0,3.0,0.0,0.0,0.15747241725175526,0.6457366235035427,1.0,0.4486661277283751,256.0,248.0,300.0,240.0,12.649110640673518,227.2,240.0,252.8,240.0,8.0,24.0,8.0,1.03125,0.8,0.8,0.5333333333333333,120.0,0.0,0.0,180.0,0.4466015625201692,0.9228464605312162,0.0,0.75,0.17162784090909095,"[{'key': 'station_baseline_deviation', 'label': 'station baseline deviation', 'score': 0.8}, {'key': 'rolling_zscore', 'label': 'rolling z-score jump', 'score': 0.8}]","[""station baseline deviation"", ""rolling z-score jump""]",0.2,420.0,0.0,0.0,243.79495
2026-02-05T11:25:00+00:00,2026-02-05T11:26:48+00:00,A,A27N,59 St - Columbus Circle,234.0,0,,,,0.0,0.0,0.0,0.0,,63.59139777930665,11.0,3.0,0.0,0.0,0.15747241725175526,0.44319569997556807,1.0,0.4486661277283751,226.0,218.0,300.0,210.0,12.649110640673518,197.2,210.0,222.8,210.0,8.0,24.0,8.0,1.0353982300884956,0.8,0.8,0.5333333333333333,108.0,0.0,0.0,170.40860222069335,0.40843575086748674,0.7501725422815186,0.0,0.8114695343842541,0.1720772325020113,"[{'key': 'station_baseline_deviation', 'label': 'station baseline deviation', 'score': 0.8}, {'key': 'rolling_zscore', 'label': 'rolling z-score jump', 'score': 0.8}]","[""station baseline deviation"", ""rolling z-score jump""]",0.2,367.5,0.0,0.0,213.79495
2026-02-05T11:25:00+00:00,2026-02-05T11:27:08+00:00,F,F09N,Jay St - MetroTech,284.0,0,,,,0.0,0.0,0.0,0.0,,94.6296314257205,11.0,3.0,0.0,0.0,0.7482447342026078,0.8101636941118984,1.0,0.07922392886014551,276.0,268.0,300.0,260.0,12.649110640673518,247.2,260.0,272.8,260.0,8.0,24.0,8.0,1.0289855072463767,0.8,0.8,0.5333333333333333,128.0,0.0,0.0,189.3703685742795,0.38692301104662624,0.722759592931133,0.0,0.7283475714395365,0.17138252086078176,"[{'key': 'station_baseline_deviation', 'label': 'station baseline deviation', 'score': 0.8}, {'key': 'rolling_zscore', 'label': 'rolling z-score jump', 'score': 0.8}]","[""station baseline deviation"", ""rolling z-score jump""]",0.2,455.0,0.0,0.0,263.79495
2026-02-05T11:25:00+00:00,2026-02-05T11:27:24+00:00,F,F20N,Bergen St,324.0,0,,,,0.0,0.0,0.0,0.0,,136.7388672121189,11.0,3.0,0.0,0.0,0.7482447342026078,0.5519179086244809,1.0,0.07922392886014551,316.0,308.0,300.0,300.0,12.649110640673518,287.2,300.0,312.8,300.0,8.0,24.0,8.0,1.0253164556962024,0.8,0.8,0.5333333333333333,144.0,0.0,0.0,187.2611327878811,0.34623815257413826,0.6380657987380051,0.0,0.6242037759596037,0.17098504027617953,"[{'key': 'station_baseline_deviation', 'label': 'station baseline deviation', 'score': 0.8}, {'key': 'rolling_zscore', 'label': 'rolling z-score jump', 'score': 0.8}]","[""station baseline deviation"", ""rolling z-score jump""]",0.2,525.0,0.0,0.0,303.79495
2026-02-05T11:30:00+00:00,2026-02-05T11:31:20+00:00,7,705N,74 St - Broadway,224.0,0,,,,0.0,0.0,0.0,0.0,,173.99072529307549,11.0,3.0,0.0,0.0,0.917753259779338,0.8878573173711214,1.0,0.809215844785772,264.0,256.0,300.0,244.0,14.966629547095765,228.0,244.0,260.0,244.0,12.0,-20.0,-40.0,0.8484848484848485,-0.6666666666666666,-0.6666666666666666,-0.4444444444444444,80.0,0.0,0.0,50.009274706924515,0.08209676110085962,0.17608497885687682,0.0,0.20495604388083818,0.0,"[{'key': 'station_baseline_deviation', 'label': 'station baseline deviation', 'score': 0.6666666666666666}, {'key': 'rolling_zscore', 'label': 'rolling z-score jump', 'score': 0.6666666666666666}, {'key': 'lag_ratio', 'label': 'headway jump vs previous train', 'score': 0.303030303030303}]","[""station baseline deviation"", ""rolling z-score jump"", ""headway jump vs previous train""]",0.0,427.0,0.0,0.0,250.8667175
2026-02-05T11:30:00+00:00,2026-02-05T11:31:12+00:00,7,726N,Queensboro Plaza,204.0,0,,,,0.0,0.0,0.0,0.0,,95.20509153837038,11.0,3.0,0.0,0.0,0.917753259779338,0.2812118250671879,1.0,0.809215844785772,244.0,236.0,300.0,224.0,14.966629547095765,208.0,224.0,240.0,224.0,12.0,-20.0,-40.0,0.8360655737704918,-0.6666666666666666,-0.6666666666666666,-0.4444444444444444,72.0,0.0,0.0,108.79490846162962,0.18212445321428064,0.3729064439754165,0.0,0.48569155563227506,0.0,"[{'key': 'station_baseline_deviation', 'label': 'station baseline deviation', 'score': 0.6666666666666666}, {'key': 'rolling_zscore', 'label': 'rolling z-score jump', 'score': 0.6666666666666666}, {'key': 'lag_ratio', 'label': 'headway jump vs previous train', 'score': 0.3278688524590163}]","[""station baseline deviation"", ""rolling z-score jump"", ""headway jump vs previous train""]",0.0,392.0,0.0,0.0,230.8667175
2026-02-05T11:30:00+00:00,2026-02-05T11:31:20+00:00,A,A15N,125 St,224.0,0,,,,0.0,0.0,0.0,0.0,,123.91716809885914,11.0,3.0,0.0,0.0,0.15747241725175526,0.6457366235035427,1.0,0.4486661277283751,264.0,256.0,300.0,244.0,14.966629547095765,228.0,244.0,260.0,244.0,12.0,-20.0,-40.0,0.8484848484848485,-0.6666666666666666,-0.6666666666666666,-0.4444444444444444,80.0,0.0,0.0,100.08283190114086,0.16016311521225596,0.3376251025703734,0.0,0.4101755405784462,0.0,"[{'key': 'station_baseline_deviation', 'label': 'station baseline deviation', 'score': 0.6666666666666666}, {'key': 'rolling_zscore', 'label': 'rolling z-score jump', 'score': 0.6666666666666666}, {'key': 'lag_ratio', 'label': 'headway jump vs previous train', 'score': 0.303030303030303}]","[""station baseline deviation"", ""rolling z-score jump"", ""headway jump vs previous train""]",0.0,427.0,0.0,0.0,250.8667175
2026-02-05T11:30:00+00:00,2026-02-05T11:31:08+00:00,A,A27N,59 St - Columbus Circle,194.0,0,,,,0.0,0.0,0.0,0.0,,105.45418327333138,11.0,3.0,0.0,0.0,0.15747241725175526,0.44319569997556807,1.0,0.4486661277283751,234.0,226.0,300.0,214.0,14.966629547095765,198.0,214.0,230.0,214.0,12.0,-20.0,-40.0,0.8290598290598291,-0.6666666666666666,-0.6666666666666666,-0.4444444444444444,68.0,0.0,0.0,88.54581672666862,0.1495368827248162,0.29762286760420026,0.0,0.41376549872275054,0.0,"[{'key': 'station_baseline_deviation', 'label': 'station baseline deviation', 'score': 0.6666666666666666}, {'key': 'rolling_zscore', 'label': 'rolling z-score jump', 'score': 0.6666666666666666}, {'key': 'lag_ratio', 'label': 'headway jump vs previous train', 'score': 0.3418803418803418}]","[""station baseline deviation"", ""rolling z-score jump"", ""headway jump vs previous train""]",0.0,374.5,0.0,0.0,220.8667175
2026-02-05T11:30:00+00:00,2026-02-05T11:31:28+00:00,F,F09N,Jay St - MetroTech,244.0,0,,,,0.0,0.0,0.0,0.0,,146.0477138039166,11.0,3.0,0.0,0.0,0.7482447342026078,0.8101636941118984,1.0,0.07922392886014551,284.0,276.0,300.0,264.0,14.966629547095765,248.0,264.0,280.0,264.0,12.0,-20.0,-40.0,0.8591549295774648,-0.6666666666666666,-0.6666666666666666,-0.4444444444444444,88.0,0.0,0.0,97.9522861960834,0.15044228991429792,0.3252759570617059,0.0,0.37103138710637656,0.0,"[{'key': 'station_baseline_deviation', 'label': 'station baseline deviation', 'score': 0.6666666666666666}, {'key': 'rolling_zscore', 'label': 'rolling z-score jump', 'score': 0.6666666666666666}]","[""station baseline deviation"", ""rolling z-score jump""]",0.0,462.0,0.0,0.0,270.8667175
2026-02-05T11:30:00+00:00,2026-02-05T11:31:44+00:00,F,F20N,Bergen St,284.0,0,,,,0.0,0.0,0.0,0.0,,177.82327872121027,11.0,3.0,0.0,0.0,0.7482447342026078,0.5519179086244809,1.0,0.07922392886014551,324.0,316.0,300.0,304.0,14.966629547095765,288.0,304.0,320.0,304.0,12.0,-20.0,-40.0,0.8765432098765432,-0.6666666666666666,-0.6666666666666666,-0.4444444444444444,104.0,0.0,0.0,106.17672127878973,0.1527923519910323,0.3461066682409242,0.0,0.3492655305223346,0.0,"[{'key': 'station_baseline_deviation', 'label': 'station baseline deviation', 'score': 0.6666666666666666}, {'key': 'rolling_zscore', 'label': 'rolling z-score jump', 'score': 0.6666666666666666}]","[""station baseline deviation"", ""rolling z-score jump""]",0.0,532.0,0.0,0.0,310.8667175
2026-02-05T11:35:00+00:00,2026-02-05T11:36:28+00:00,7,705N,74 St - Broadway,232.0,0,,,,0.0,0.0,0.0,0.0,,102.24115837616567,11.0,3.0,0.0,0.0,0.917753259779338,0.8878573173711214,1.0,0.809215844785772,224.0,264.0,300.0,244.0,14.966629547095765,224.0,240.0,259.2,240.0,16.0,-12.0,8.0,1.0357142857142858,-0.4,-0.26666666666666666,-0.17777777777777778,88.0,0.0,0.0,129.75884162383431,0.20213221817921853,0.40732287700334024,0.0,0.5317985312452226,0.0038690476190476296,"[{'key': 'rolling_zscore', 'label': 'rolling z-score jump', 'score': 0.4}]","[""rolling z-score jump""]",0.0,420.0,0.0,0.0,241.46336637499996
2026-02-05T11:35:00+00:00,2026-02-05T11:36:20+00:00,7,726N,Queensboro Plaza,212.0,0,,,,0.0,0.0,0.0,0.0,,81.67653619305851,11.0,3.0,0.0,0.0,0.917753259779338,0.2812118250671879,1.0,0.809215844785772,204.0,244.0,300.0,224.0,14.966629547095765,204.0,220.0,239.2,220.0,16.0,-12.0,8.0,1.0392156862745099,-0.4,-0.26666666666666666,-0.17777777777777778,80.0,0.0,0.0,130.3234638069415,0.20709738188026638,0.39543432766925113,0.0,0.5818011777095603,0.004248366013071905,"[{'key': 'rolling_zscore', 'label': 'rolling z-score jump', 'score': 0.4}]","[""rolling z-score jump""]",0.0,385.0,0.0,0.0,221.46336637499996
2026-02-05T11:35:00+00:00,2026-02-05T11:36:28+00:00,A,A15N,125 St,232.0,0,,,,0.0,0.0,0.0,0.0,,111.05836246893163,11.0,3.0,0.0,0.0,0.15747241725175526,0.6457366235035427,1.0,0.4486661277283751,224.0,264.0,300.0,244.0,14.966629547095765,224.0,240.0,259.2,240.0,16.0,-12.0,8.0,1.0357142857142858,-0.4,-0.26666666666666666,-0.17777777777777778,88.0,0.0,0.0,120.94163753106837,0.18276526404290702,0.3588043735721715,0.0,0.4956624488978212,0.0038690476190476296,"[{'key': 'rolling_zscore', 'label': 'rolling z-score jump', 'score': 0.4}]","[""rolling z-score jump""]",0.0,420.0,0.0,0.0,241.46336637499996
2026-02-05T11:35:00+00:00,2026-02-05T11:36:16+00:00,A,A27N,59 St - Columbus Circle,202.0,0,,,,0.0,0.0,0.0,0.0,,89.91601609647837,11.0,3.0,0.0,0.0,0.15747241725175526,0.44319569997556807,1.0,0.4486661277283751,194.0,234.0,300.0,214.0,14.966629547095765,194.0,210.0,229.2,210.0,16.0,-12.0,8.0,1.041237113402062,-0.4,-0.26666666666666666,-0.17777777777777778,76.0,0.0,0.0,112.08398390352163,0.17916080808695112,0.3282237641172667,0.0,0.5237569341286057,0.004467353951890043,"[{'key': 'rolling_zscore', 'label': 'rolling z-score jump', 'score': 0.4}]","[""rolling z-score jump""]",0.0,367.5,0.0,0.0,211.46336637499996
2026-02-05T11:35:00+00:00,2026-02-05T11:36:36+00:00,F,F09N,Jay St - MetroTech,252.0,0,,,,0.0,0.0,0.0,0.0,,134.71913958765782,11.0,3.0,0.0,0.0,0.7482447342026078,0.8101636941118984,1.0,0.07922392886014551,244.0,284.0,300.0,264.0,14.966629547095765,244.0,260.0,279.2,260.0,16.0,-12.0,8.0,1.0327868852459017,-0.4,-0.26666666666666666,-0.17777777777777778,96.0,0.0,0.0,117.28086041234218,0.16846209982795804,0.3379791307405828,0.0,0.444245683380084,0.003551912568306015,"[{'key': 'rolling_zscore', 'label': 'rolling z-score jump', 'score': 0.4}]","[""rolling z-score jump""]",0.0,455.0,0.0,0.0,261.463366375
2026-02-05T11:35:00+00:00,2026-02-05T11:36:52+00:00,F,F20N,Bergen St,292.0,0,,,,0.0,0.0,0.0,0.0,,163.39670364177428,11.0,3.0,0.0,0.0,0.7482447342026078,0.5519179086244809,1.0,0.07922392886014551,284.0,324.0,300.0,304.0,14.966629547095765,284.0,300.0,319.2,300.0,16.0,-12.0,8.0,1.028169014084507,-0.4,-0.26666666666666666,-0.17777777777777778,112.0,0.0,0.0,128.60329635822572,0.17140832653654287,0.36200313834795456,0.0,0.4230371590731109,0.0030516431924882594,"[{'key': 'rolling_zscore', 'label': 'rolling z-score jump', 'score': 0.4}]","[""rolling z-score jump""]",0.0,525.0,0.0,0.0,301.463366375
2026-02-05T11:40:00+00:00,2026-02-05T11:41:36+00:00,7,705N,74 St - Broadway,240.0,0,,,,0.0,0.0,0.0,0.0,,82.09475242885276,11.0,3.0,0.0,0.0,0.917753259779338,0.8878573173711214,1.0,0.809215844785772,232.0,224.0,300.0,244.0,14.966629547095765,224.0,236.0,258.4,236.0,12.0,-4.0,8.0,1.0344827586206897,-0.13333333333333333,0.13333333333333333,0.08888888888888889,96.0,0.0,0.0,157.90524757114724,0.23417779391532723,0.42556584891671856,0.0,0.6471526539801117,0.02110936955764543,[],[],0.0,413.0,0.0,0.0,238.15118814374998
2026-02-05T11:40:00+00:00,2026-02-05T11:41:28+00:00,7,726N,Queensboro Plaza,220.0,0,,,,0.0,0.0,0.0,0.0,,61.78899077196998,11.0,3.0,0.0,0.0,0.917753259779338,0.2812118250671879,1.0,0.809215844785772,212.0,204.0,300.0,224.0,14.966629547095765,204.0,216.0,238.4,216.0,12.0,-4.0,8.0,1.0377358490566038,-0.13333333333333333,0.13333333333333333,0.08888888888888889,88.0,0.0,0.0,158.21100922803004,0.2396202571313713,0.4102312300012804,0.0,0.7062991483394198,0.021461787688202782,[],[],0.0,378.0,0.0,0.0,218.15118814374998
2026-02-05T11:40:00+00:00,2026-02-05T11:41:36+00:00,A,A15N,125 St,240.0,0,,,,0.0,0.0,0.0,0.0,,89.46458196315497,11.0,3.0,0.0,0.0,0.15747241725175526,0.6457366235035427,1.0,0.4486661277283751,232.0,224.0,300.0,244.0,14.966629547095765,224.0,236.0,258.4,236.0,12.0,-4.0,8.0,1.0344827586206897,-0.13333333333333333,0.13333333333333333,0.08888888888888889,96.0,0.0,0.0,150.53541803684504,0.21636848668776226,0.3792207341913452,0.0,0.6169484345772338,0.02110936955764543,[],[],0.0,413.0,0.0,0.0,238.15118814374998
2026-02-05T11:40:00+00:00,2026-02-05T11:41:24+00:00,A,A27N,59 St - Columbus Circle,210.0,0,,,,0.0,0.0,0.0,0.0,,71.72683169813016,11.0,3.0,0.0,0.0,0.15747241725175526,0.44319569997556807,1.0,0.4486661277283751,202.0,194.0,300.0,214.0,14.966629547095765,194.0,206.0,228.4,206.0,12.0,-4.0,8.0,1.0396039603960396,-0.13333333333333333,0.13333333333333333,0.08888888888888889,84.0,0.0,0.0,138.27316830186984,0.21113803649149565,0.3423284622071534,0.0,0.6461363004760273,0.02166416641664167,[],[],0.0,360.5,0.0,0.0,208.15118814374998
2026-02-05T11:40:00+00:00,2026-02-05T11:41:44+00:00,F,F09N,Jay St - MetroTech,260.0,0,,,,0.0,0.0,0.0,0.0,,110.88934146233201,11.0,3.0,0.0,0.0,0.7482447342026078,0.8101636941118984,1.0,0.07922392886014551,252.0,244.0,300.0,264.0,14.966629547095765,244.0,256.0,278.4,256.0,12.0,-4.0,8.0,1.0317460317460319,-0.13333333333333333,0.13333333333333333,0.08888888888888889,104.0,0.0,0.0,149.11065853766797,0.20262026224080298,0.3607309411138041,0.0,0.5648131005214696,0.020812890812890825,[],[],0.0,448.0,0.0,0.0,258.15118814375
2026-02-05T11:40:00+00:00,2026-02-05T11:42:00+00:00,F,F20N,Bergen St,300.0,0,,,,0.0,0.0,0.0,0.0,,131.74287182415395,11.0,3.0,0.0,0.0,0.7482447342026078,0.5519179086244809,1.0,0.07922392886014551,292.0,284.0,300.0,304.0,14.966629547095765,284.0,296.0,318.4,296.0,12.0,-4.0,8.0,1.0273972602739727,-0.13333333333333333,0.13333333333333333,0.08888888888888889,120.0,0.0,0.0,168.25712817584605,0.20966648596868123,0.39367561457550315,0.0,0.5534773953152831,0.02034177390341775,[],[],0.0,518.0,0.0,0.0,298.15118814375
2026-02-05T11:45:00+00:00,2026-02-05T11:46:44+00:00,7,705N,74 St - Broadway,248.0,0,,,,0.0,0.0,0.0,0.0,,71.16568668397058,11.0,3.0,0.0,0.0,0.917753259779338,0.8878573173711214,1.0,0.809215844785772,240.0,232.0,300.0,244.0,14.966629547095765,224.0,240.0,257.6,240.0,8.0,4.0,8.0,1.0333333333333334,0.13333333333333333,0.26666666666666666,0.17777777777777778,104.0,0.0,0.0,176.8343133160294,0.25010533990543415,0.3994251716480699,0.0,0.7247307922788091,0.04902525252525254,[],[],0.03333333333333333,420.0,0.0,0.0,238.7982722934375
2026-02-05T11:45:00+00:00,2026-02-05T11:46:36+00:00,7,726N,Queensboro Plaza,228.0,0,,,,0.0,0.0,0.0,0.0,,54.1711067634468,11.0,3.0,0.0,0.0,0.917753259779338,0.2812118250671879,1.0,0.809215844785772,220.0,212.0,300.0,224.0,14.966629547095765,204.0,220.0,237.6,220.0,8.0,4.0,8.0,1.0363636363636364,0.13333333333333333,0.26666666666666666,0.17777777777777778,96.0,0.0,0.0,173.8288932365532,0.2534694797830032,0.3812234968951112,0.0,0.7760218448060411,0.049353535353535365,[],[],0.03333333333333333,385.0,0.0,0.0,218.7982722934375
2026-02-05T11:45:00+00:00,2026-02-05T11:50:40+00:00,A,A15N,125 St,320.0,0,signal-delay-midtown,Signal delay cascades into northbound Midtown headway gap,Representative replay scenario where a signal hold creates a prolonged northbound gap and delayed recovery.,0.0,0.0,1.0,1.0,,-52.09101640065053,11.0,3.0,0.0,0.0,0.15747241725175526,0.6457366235035427,1.0,0.4486661277283751,240.0,232.0,300.0,244.0,14.966629547095765,224.0,240.0,257.6,240.0,8.0,76.0,80.0,1.3333333333333333,2.533333333333333,2.6666666666666665,1.7777777777777777,340.0,0.0,0.0,372.0910164006505,0.8975468975468975,0.7105262332702403,0.0,1.0,0.5967525252525252,"[{'key': 'station_baseline_deviation', 'label': 'station baseline deviation', 'score': 2.6666666666666665}, {'key': 'rolling_zscore', 'label': 'rolling z-score jump', 'score': 2.533333333333333}, {'key': 'service_alert_active', 'label': 'service alert context', 'score': 1.0}]","[""station baseline deviation"", ""rolling z-score jump"", ""service alert context""]",0.6333333333333333,420.0,0.0,0.3792720570856482,238.7982722934375
2026-02-05T11:45:00+00:00,2026-02-05T11:46:32+00:00,A,A27N,59 St - Columbus Circle,218.0,0,,,,0.0,0.0,0.0,0.0,,71.75078957186606,11.0,3.0,0.0,0.0,0.15747241725175526,0.44319569997556807,1.0,0.4486661277283751,210.0,202.0,300.0,214.0,14.966629547095765,194.0,210.0,227.6,210.0,8.0,4.0,8.0,1.0380952380952382,0.13333333333333333,0.26666666666666666,0.17777777777777778,92.0,0.0,0.0,146.24921042813395,0.2103907561791683,0.2797749310434963,0.0,0.683407525365112,0.04954112554112556,[],[],0.03333333333333333,367.5,0.0,0.0,208.7982722934375
2026-02-05T11:45:00+00:00,2026-02-05T11:46:52+00:00,F,F09N,Jay St - MetroTech,268.0,0,,,,0.0,0.0,0.0,0.0,,110.78537731934045,11.0,3.0,0.0,0.0,0.7482447342026078,0.8101636941118984,1.0,0.07922392886014551,260.0,252.0,300.0,264.0,14.966629547095765,244.0,260.0,277.6,260.0,8.0,4.0,8.0,1.0307692307692307,0.13333333333333333,0.26666666666666666,0.17777777777777778,112.0,0.0,0.0,157.21462268065955,0.2012334139531029,0.2994907736973752,0.0,0.5955099343964376,0.04874747474747474,[],[],0.03333333333333333,455.0,0.0,0.0,258.79827229343755
2026-02-05T11:45:00+00:00,2026-02-05T11:47:08+00:00,F,F20N,Bergen St,308.0,0,,,,0.0,0.0,0.0,0.0,,132.83371895195515,11.0,3.0,0.0,0.0,0.7482447342026078,0.5519179086244809,1.0,0.07922392886014551,300.0,292.0,300.0,304.0,14.966629547095765,284.0,300.0,317.6,300.0,8.0,4.0,8.0,1.0266666666666666,0.13333333333333333,0.26666666666666666,0.17777777777777778,128.0,0.0,0.0,175.16628104804485,0.20613756681036907,0.3292653968604353,0.0,0.5762048718685686,0.048303030303030306,[],[],0.03333333333333333,525.0,0.0,0.0,298.79827229343755
2026-02-05T11:50:00+00:00,2026-02-05T11:51:52+00:00,7,705N,74 St - Broadway,256.0,0,,,,0.0,0.0,0.0,0.0,,94.55765318666165,11.0,3.0,0.0,0.0,0.917753259779338,0.8878573173711214,1.0,0.809215844785772,248.0,240.0,300.0,244.0,14.966629547095765,224.0,240.0,256.8,240.0,8.0,12.0,8.0,1.032258064516129,0.4,0.5333333333333333,0.35555555555555557,112.0,0.0,0.0,161.44234681333836,0.2344954032624181,0.3019670009810065,0.0,0.6616489623497473,0.10498957315086348,"[{'key': 'station_baseline_deviation', 'label': 'station baseline deviation', 'score': 0.5333333333333333}, {'key': 'rolling_zscore', 'label': 'rolling z-score jump', 'score': 0.4}]","[""station baseline deviation"", ""rolling z-score jump""]",0.1,420.0,0.0,0.0,242.01887699073438
2026-02-05T11:50:00+00:00,2026-02-05T11:51:44+00:00,7,726N,Queensboro Plaza,236.0,0,,,,0.0,0.0,0.0,0.0,,74.32865379575924,11.0,3.0,0.0,0.0,0.917753259779338,0.2812118250671879,1.0,0.809215844785772,228.0,220.0,300.0,224.0,14.966629547095765,204.0,220.0,236.8,220.0,8.0,12.0,8.0,1.0350877192982457,0.4,0.5333333333333333,0.35555555555555557,104.0,0.0,0.0,161.67134620424076,0.2440746212940433,0.3009894995952499,0.0,0.721747081268932,0.10529611908559279,"[{'key': 'station_baseline_deviation', 'label': 'station baseline deviation', 'score': 0.5333333333333333}, {'key': 'rolling_zscore', 'label': 'rolling z-score jump', 'score': 0.4}]","[""station baseline deviation"", ""rolling z-score jump""]",0.1,385.0,0.0,0.0,222.01887699073438
2026-02-05T11:50:00+00:00,2026-02-05T11:57:10+00:00,A,A15N,125 St,410.0,0,signal-delay-midtown,Signal delay cascades into northbound Midtown headway gap,Representative replay scenario where a signal hold creates a prolonged northbound gap and delayed recovery.,0.0,0.0,1.0,1.0,,408.28795480854205,11.0,3.0,0.0,0.0,0.15747241725175526,0.6457366235035427,1.0,0.4486661277283751,320.0,240.0,300.0,256.0,34.68717342188609,224.0,240.0,269.59999999999997,240.0,12.0,154.0,90.0,1.28125,4.439681438639009,5.666666666666667,3.7280701754385994,430.0,0.0,0.0,1.7120451914579462,1.0,0.0034611832611441394,0.0,0.00419322973233627,1.0,"[{'key': 'station_baseline_deviation', 'label': 'station baseline deviation', 'score': 5.666666666666667}, {'key': 'rolling_zscore', 'label': 'rolling z-score jump', 'score': 4.439681438639009}, {'key': 'service_alert_active', 'label': 'service alert context', 'score': 1.0}]","[""station baseline deviation"", ""rolling z-score jump"", ""service alert context""]",1.0,420.0,0.0,0.7607526604533379,267.2188769907344
2026-02-05T11:50:00+00:00,2026-02-05T11:51:40+00:00,A,A27N,59 St - Columbus Circle,226.0,0,,,,0.0,0.0,0.0,0.0,,73.4800807516051,11.0,3.0,0.0,0.0,0.15747241725175526,0.44319569997556807,1.0,0.4486661277283751,218.0,210.0,300.0,214.0,14.966629547095765,194.0,210.0,226.8,210.0,8.0,12.0,8.0,1.036697247706422,0.4,0.5333333333333333,0.35555555555555557,100.0,0.0,0.0,152.5199192483949,0.24427933354960388,0.3064028161747369,0.0,0.7127099030298827,0.10547048466314522,"[{'key': 'station_baseline_deviation', 'label': 'station baseline deviation', 'score': 0.5333333333333333}, {'key': 'rolling_zscore', 'label': 'rolling z-score jump', 'score': 0.4}]","[""station baseline deviation"", ""rolling z-score jump""]",0.1,367.5,0.0,0.0,212.01887699073438
2026-02-05T11:50:00+00:00,2026-02-05T11:52:00+00:00,F,F09N,Jay St - MetroTech,276.0,0,,,,0.0,0.0,0.0,0.0,,115.32610226851521,11.0,3.0,0.0,0.0,0.7482447342026078,0.8101636941118984,1.0,0.07922392886014551,268.0,260.0,300.0,264.0,14.966629547095765,244.0,260.0,276.8,260.0,8.0,12.0,8.0,1.0298507462686568,0.4,0.5333333333333333,0.35555555555555557,120.0,0.0,0.0,160.67389773148477,0.2264088022693388,0.3041131676192082,0.0,0.6086132489828968,0.10472878034072065,"[{'key': 'station_baseline_deviation', 'label': 'station baseline deviation', 'score': 0.5333333333333333}, {'key': 'rolling_zscore', 'label': 'rolling z-score jump', 'score': 0.4}]","[""station baseline deviation"", ""rolling z-score jump""]",0.1,455.0,0.0,0.0,262.0188769907344
2026-02-05T11:50:00+00:00,2026-02-05T11:52:16+00:00,F,F20N,Bergen St,316.0,0,,,,0.0,0.0,0.0,0.0,,139.62618275665957,11.0,3.0,0.0,0.0,0.7482447342026078,0.5519179086244809,1.0,0.07922392886014551,308.0,300.0,300.0,304.0,14.966629547095765,284.0,300.0,316.8,300.0,8.0,12.0,8.0,1.025974025974026,0.4,0.5333333333333333,0.35555555555555557,136.0,0.0,0.0,176.37381724334043,0.25369490292511376,0.41897350337928796,0.0,0.5801770304057251,0.10430880230880231,"[{'key': 'station_baseline_deviation', 'label': 'station baseline deviation', 'score': 0.5333333333333333}, {'key': 'rolling_zscore', 'label': 'rolling z-score jump', 'score': 0.4}]","[""station baseline deviation"", ""rolling z-score jump""]",0.1,525.0,0.0,0.0,302.0188769907344
2026-02-05T11:55:00+00:00,2026-02-05T11:57:00+00:00,7,705N,74 St - Broadway,264.0,0,,,,0.0,0.0,0.0,0.0,,102.96613675294927,11.0,3.0,0.0,0.0,0.917753259779338,0.8878573173711214,1.0,0.809215844785772,256.0,248.0,300.0,244.0,14.966629547095765,224.0,240.0,256.0,240.0,8.0,20.0,8.0,1.03125,0.6666666666666666,0.8,0.5333333333333333,120.0,0.0,0.0,161.03386324705073,0.26926406926406926,0.30645034206927324,0.0,0.6599748493731588,0.16096117424242426,"[{'key': 'station_baseline_deviation', 'label': 'station baseline deviation', 'score': 0.8}, {'key': 'rolling_zscore', 'label': 'rolling z-score jump', 'score': 0.6666666666666666}]","[""station baseline deviation"", ""rolling z-score jump""]",0.16666666666666666,420.0,0.0,0.0,246.91227004397734
2026-02-05T11:55:00+00:00,2026-02-05T11:56:52+00:00,7,726N,Queensboro Plaza,244.0,0,,,,0.0,0.0,0.0,0.0,,79.53681032355304,11.0,3.0,0.0,0.0,0.917753259779338,0.2812118250671879,1.0,0.809215844785772,236.0,228.0,300.0,224.0,14.966629547095765,204.0,220.0,236.0,220.0,8.0,20.0,8.0,1.0338983050847457,0.6666666666666666,0.8,0.5333333333333333,112.0,0.0,0.0,164.46318967644697,0.27689473950975113,0.33336117660822706,0.0,0.734210668198424,0.16124807395993837,"[{'key': 'station_baseline_deviation', 'label': 'station baseline deviation', 'score': 0.8}, {'key': 'rolling_zscore', 'label': 'rolling z-score jump', 'score': 0.6666666666666666}]","[""station baseline deviation"", ""rolling z-score jump""]",0.16666666666666666,385.0,0.0,0.0,226.91227004397734
2026-02-05T11:55:00+00:00,2026-02-05T12:04:00+00:00,A,A15N,125 St,520.0,1,signal-delay-midtown,Signal delay cascades into northbound Midtown headway gap,Representative replay scenario where a signal hold creates a prolonged northbound gap and delayed recovery.,0.0,0.0,1.0,1.0,,546.9755266164921,11.0,3.0,0.0,0.0,0.15747241725175526,0.6457366235035427,1.0,0.4486661277283751,410.0,320.0,300.0,281.6666666666667,71.80436384138966,224.0,240.0,320.0,240.0,16.0,238.33333333333331,110.0,1.2682926829268293,3.319204023028369,9.333333333333334,2.9166666666666665,540.0,0.0,0.0,-26.97552661649206,1.0,0.0,0.0,0.049317611673338646,1.0,"[{'key': 'station_baseline_deviation', 'label': 'station baseline deviation', 'score': 9.333333333333334}, {'key': 'rolling_zscore', 'label': 'rolling z-score jump', 'score': 3.319204023028369}, {'key': 'service_alert_active', 'label': 'service alert context', 'score': 1.0}]","[""station baseline deviation"", ""rolling z-score jump"", ""service alert context""]",0.8298010057570923,420.0,0.31746031746031744,0.6167656910787527,317.1922700439774
2026-02-05T11:55:00+00:00,2026-02-05T11:56:48+00:00,A,A27N,59 St - Columbus Circle,234.0,0,,,,0.0,0.0,0.0,0.0,,70.79462440948352,11.0,3.0,0.0,0.0,0.15747241725175526,0.44319569997556807,1.0,0.4486661277283751,226.0,218.0,300.0,214.0,14.966629547095765,194.0,210.0,226.0,210.0,8.0,20.0,8.0,1.0353982300884956,0.6666666666666666,0.8,0.5333333333333333,108.0,0.0,0.0,163.2053755905165,0.2814821665520368,0.3330493177487183,0.0,0.7626419420117593,0.1614105658353446,"[{'key': 'station_baseline_deviation', 'label': 'station baseline deviation', 'score': 0.8}, {'key': 'rolling_zscore', 'label': 'rolling z-score jump', 'score': 0.6666666666666666}]","[""station baseline deviation"", ""rolling z-score jump""]",0.16666666666666666,367.5,0.0,0.0,216.91227004397734
2026-02-05T11:55:00+00:00,2026-02-05T11:57:08+00:00,F,F09N,Jay St - MetroTech,284.0,0,,,,0.0,0.0,0.0,0.0,,122.93357468555598,11.0,3.0,0.0,0.0,0.7482447342026078,0.8101636941118984,1.0,0.07922392886014551,276.0,268.0,300.0,264.0,14.966629547095765,244.0,260.0,276.0,260.0,8.0,20.0,8.0,1.0289855072463767,0.6666666666666666,0.8,0.5333333333333333,128.0,0.0,0.0,161.06642531444402,0.26926406926406926,0.317382757831653,0.0,0.6101000958880455,0.16071585419411508,"[{'key': 'station_baseline_deviation', 'label': 'station baseline deviation', 'score': 0.8}, {'key': 'rolling_zscore', 'label': 'rolling z-score jump', 'score': 0.6666666666666666}]","[""station baseline deviation"", ""rolling z-score jump""]",0.16666666666666666,455.0,0.0,0.0,266.91227004397734
2026-02-05T11:55:00+00:00,2026-02-05T11:57:24+00:00,F,F20N,Bergen St,324.0,0,,,,0.0,0.0,0.0,0.0,,154.9421508349311,11.0,3.0,0.0,0.0,0.7482447342026078,0.5519179086244809,1.0,0.07922392886014551,316.0,308.0,300.0,304.0,14.966629547095765,284.0,300.0,316.0,300.0,8.0,20.0,8.0,1.0253164556962024,0.6666666666666666,0.8,0.5333333333333333,144.0,0.0,0.0,169.0578491650689,0.26926406926406926,0.384129551372808,0.0,0.5561113459377266,0.16031837360951284,"[{'key': 'station_baseline_deviation', 'label': 'station baseline deviation', 'score': 0.8}, {'key': 'rolling_zscore', 'label': 'rolling z-score jump', 'score': 0.6666666666666666}]","[""station baseline deviation"", ""rolling z-score jump""]",0.16666666666666666,525.0,0.0,0.0,306.91227004397734
2026-02-05T12:00:00+00:00,2026-02-05T12:02:03+00:00,7,705N,74 St - Broadway,267.2,0,,,,0.0,0.0,0.0,0.0,,107.04079913036234,12.0,3.0,0.0,0.0,0.917753259779338,0.8878573173711214,1.0,0.809215844785772,264.0,256.0,300.0,244.0,14.966629547095765,224.8,244.0,263.2,244.0,12.0,23.19999999999999,3.1999999999999886,1.012121212121212,0.773333333333333,0.773333333333333,0.5155555555555553,123.0,0.0,0.0,160.15920086963763,0.2602886002886002,0.2971843972601787,0.0,0.6563901674985149,0.16394747474747465,"[{'key': 'station_baseline_deviation', 'label': 'station baseline deviation', 'score': 0.773333333333333}, {'key': 'rolling_zscore', 'label': 'rolling z-score jump', 'score': 0.773333333333333}]","[""station baseline deviation"", ""rolling z-score jump""]",0.19333333333333325,427.0,0.0,0.0,252.89297552858528
2026-02-05T12:00:00+00:00,2026-02-05T12:01:51+00:00,7,726N,Queensboro Plaza,243.6,0,,,,0.0,0.0,0.0,0.0,,100.77792959370007,12.0,3.0,0.0,0.0,0.917753259779338,0.2812118250671879,1.0,0.809215844785772,244.0,236.0,300.0,224.0,14.966629547095765,204.8,224.0,243.2,224.0,12.0,19.599999999999994,-0.4000000000000057,0.9983606557377049,0.6533333333333331,0.6533333333333331,0.4355555555555554,111.0,0.0,0.0,142.82207040629993,0.21989898989898982,0.12703403626327633,0.0,0.6375985285995532,0.13739797979797974,"[{'key': 'station_baseline_deviation', 'label': 'station baseline deviation', 'score': 0.6533333333333331}, {'key': 'rolling_zscore', 'label': 'rolling z-score jump', 'score': 0.6533333333333331}]","[""station baseline deviation"", ""rolling z-score jump""]",0.16333333333333327,392.0,0.0,0.0,232.89297552858528
2026-02-05T12:00:00+00:00,2026-02-05T12:13:20+00:00,A,A15N,125 St,780.0,1,signal-delay-midtown,Signal delay cascades into northbound Midtown headway gap,Representative replay scenario where a signal hold creates a prolonged northbound gap and delayed recovery.,0.0,0.0,1.0,1.0,,784.8658994787975,12.0,3.0,0.0,0.0,0.15747241725175526,0.6457366235035427,1.0,0.4486661277283751,520.0,410.0,300.0,324.3333333333333,119.45487292976651,224.8,244.0,401.00000000000006,244.0,16.0,455.6666666666667,260.0,1.5,3.8145506791889177,17.866666666666667,3.0419977298524397,800.0,0.0,0.0,-4.865899478797473,1.0,0.0,0.0,0.006199657141466778,1.0,"[{'key': 'station_baseline_deviation', 'label': 'station baseline deviation', 'score': 17.866666666666667}, {'key': 'rolling_zscore', 'label': 'rolling z-score jump', 'score': 3.8145506791889177}, {'key': 'lag_ratio', 'label': 'headway jump vs previous train', 'score': 1.0}]","[""station baseline deviation"", ""rolling z-score jump"", ""headway jump vs previous train""]",0.9536376697972294,427.0,1.0,0.8514367143938004,388.17497552858526
2026-02-05T12:00:00+00:00,2026-02-05T12:01:45+00:00,A,A27N,59 St - Columbus Circle,231.8,0,,,,0.0,0.0,0.0,0.0,,90.68894354340082,12.0,3.0,0.0,0.0,0.15747241725175526,0.44319569997556807,1.0,0.4486661277283751,234.0,226.0,300.0,214.0,14.966629547095765,194.8,214.0,233.2,214.0,12.0,17.80000000000001,-2.1999999999999886,0.9905982905982906,0.5933333333333337,0.5933333333333337,0.3955555555555558,105.0,0.0,0.0,141.1110564565992,0.19970418470418483,0.11551904607570197,0.0,0.6593974600775663,0.12477979797979806,"[{'key': 'station_baseline_deviation', 'label': 'station baseline deviation', 'score': 0.5933333333333337}, {'key': 'rolling_zscore', 'label': 'rolling z-score jump', 'score': 0.5933333333333337}]","[""station baseline deviation"", ""rolling z-score jump""]",0.14833333333333343,374.5,0.0,0.0,222.89297552858528
2026-02-05T12:00:00+00:00,2026-02-05T12:02:14+00:00,F,F09N,Jay St - MetroTech,290.8,0,,,,0.0,0.0,0.0,0.0,,168.17261241246942,12.0,3.0,0.0,0.0,0.7482447342026078,0.8101636941118984,1.0,0.07922392886014551,284.0,276.0,300.0,264.0,14.966629547095765,244.8,264.0,283.2,264.0,12.0,26.80000000000001,6.800000000000011,1.023943661971831,0.8933333333333338,0.8933333333333338,0.5955555555555558,134.0,0.0,0.0,122.62738758753059,0.3006782106782109,0.0,0.0,0.4644976802557977,0.19046460378432217,"[{'key': 'station_baseline_deviation', 'label': 'station baseline deviation', 'score': 0.8933333333333338}, {'key': 'rolling_zscore', 'label': 'rolling z-score jump', 'score': 0.8933333333333338}]","[""station baseline deviation"", ""rolling z-score jump""]",0.22333333333333344,462.0,0.0,0.0,272.8929755285853
2026-02-05T12:00:00+00:00,2026-02-05T12:02:38+00:00,F,F20N,Bergen St,338.0,0,,,,0.0,0.0,0.0,0.0,,220.1302678709546,12.0,3.0,0.0,0.0,0.7482447342026078,0.5519179086244809,1.0,0.07922392886014551,324.0,316.0,300.0,304.0,14.966629547095765,284.8,304.0,323.2,304.0,12.0,34.0,14.0,1.0432098765432098,1.1333333333333333,1.1333333333333333,0.7555555555555555,158.0,0.0,0.0,117.86973212904539,0.38145743145743144,0.0,0.0,0.38772938200343876,0.24302450430228206,"[{'key': 'station_baseline_deviation', 'label': 'station baseline deviation', 'score': 1.1333333333333333}, {'key': 'rolling_zscore', 'label': 'rolling z-score jump', 'score': 1.1333333333333333}]","[""station baseline deviation"", ""rolling z-score jump""]",0.2833333333333333,532.0,0.0,0.0,312.8929755285853
2026-02-05T12:05:00+00:00,2026-02-05T12:07:11+00:00,7,705N,74 St - Broadway,275.2,0,,,,0.0,0.0,0.0,0.0,,156.77518552424073,12.0,3.0,0.0,0.0,0.917753259779338,0.8878573173711214,1.0,0.809215844785772,267.2,264.0,300.0,251.20000000000002,13.763720427268202,232.0,248.0,264.0,248.0,16.0,23.99999999999997,8.0,1.029940119760479,0.799999999999999,0.9066666666666663,0.6044444444444442,131.0,0.0,0.0,118.42481447575926,0.3051659451659451,0.0,0.0,0.47143636335891426,0.18538492711546595,"[{'key': 'station_baseline_deviation', 'label': 'station baseline deviation', 'score': 0.9066666666666663}, {'key': 'rolling_zscore', 'label': 'rolling z-score jump', 'score': 0.799999999999999}]","[""station baseline deviation"", ""rolling z-score jump""]",0.19999999999999976,434.0,0.0,0.0,257.90043409358043
2026-02-05T12:05:00+00:00,2026-02-05T12:06:59+00:00,7,726N,Queensboro Plaza,251.6,0,,,,0.0,0.0,0.0,0.0,,120.04516825302946,12.0,3.0,0.0,0.0,0.917753259779338,0.2812118250671879,1.0,0.809215844785772,243.6,244.0,300.0,230.6,12.983065893693986,212.0,228.0,243.96,228.0,15.599999999999994,21.0,8.0,1.0328407224958949,0.7,0.7866666666666665,0.5244444444444443,119.0,0.0,0.0,131.55483174697054,0.26477633477633467,0.08347967998348337,0.0,0.5704892963875565,0.16206279544210575,"[{'key': 'station_baseline_deviation', 'label': 'station baseline deviation', 'score': 0.7866666666666665}, {'key': 'rolling_zscore', 'label': 'rolling z-score jump', 'score': 0.7}]","[""station baseline deviation"", ""rolling z-score jump""]",0.175,399.0,0.0,0.0,236.64043409358044
2026-02-05T12:05:00+00:00,2026-02-05T12:19:40+00:00,A,A15N,125 St,860.0,1,signal-delay-midtown,Signal delay cascades into northbound Midtown headway gap,Representative replay scenario where a signal hold creates a prolonged northbound gap and delayed recovery.,0.0,0.0,1.0,1.0,,905.142196730236,12.0,3.0,0.0,0.0,0.15747241725175526,0.6457366235035427,1.0,0.4486661277283751,780.0,520.0,300.0,417.0,208.51378851289425,232.0,252.0,509.00000000000006,248.0,16.0,443.0,80.0,1.1025641025641026,2.1245597385163113,20.4,2.194945848375451,880.0,0.0,0.0,-45.14219673023604,0.9991270101739416,0.0,0.0,0.04987304413970437,1.0,"[{'key': 'station_baseline_deviation', 'label': 'station baseline deviation', 'score': 20.4}, {'key': 'rolling_zscore', 'label': 'rolling z-score jump', 'score': 2.1245597385163113}, {'key': 'service_alert_active', 'label': 'service alert context', 'score': 1.0}]","[""station baseline deviation"", ""rolling z-score jump"", ""service alert context""]",0.5311399346290778,534.45,0.812174509620482,0.39302327047781166,525.3137340935805
2026-02-05T12:05:00+00:00,2026-02-05T12:06:53+00:00,A,A27N,59 St - Columbus Circle,239.8,0,,,,0.0,0.0,0.0,0.0,,101.18670473930142,12.0,3.0,0.0,0.0,0.15747241725175526,0.44319569997556807,1.0,0.4486661277283751,231.8,234.0,300.0,220.29999999999998,12.638829059687453,202.0,218.0,233.78,218.0,13.800000000000011,19.50000000000003,8.0,1.0345125107851596,0.6500000000000009,0.726666666666667,0.4844444444444447,113.0,0.0,0.0,138.61329526069858,0.2445815295815297,0.15477156430972294,0.0,0.6292024296899619,0.15042572402192778,"[{'key': 'station_baseline_deviation', 'label': 'station baseline deviation', 'score': 0.726666666666667}, {'key': 'rolling_zscore', 'label': 'rolling z-score jump', 'score': 0.6500000000000009}]","[""station baseline deviation"", ""rolling z-score jump""]",0.16250000000000023,381.5,0.0,0.0,226.01043409358044
2026-02-05T12:05:00+00:00,2026-02-05T12:07:22+00:00,F,F09N,Jay St - MetroTech,298.8,0,,,,0.0,0.0,0.0,0.0,,192.04263031594655,12.0,3.0,0.0,0.0,0.7482447342026078,0.8101636941118984,1.0,0.07922392886014551,290.8,284.0,300.0,271.8,14.650597257449952,252.0,268.0,284.0,268.0,16.0,27.0,8.0,1.0275103163686383,0.9,1.026666666666667,0.6844444444444447,142.0,0.0,0.0,106.75736968405346,0.34555555555555567,0.0,0.0,0.3927791379104248,0.208758062051047,"[{'key': 'station_baseline_deviation', 'label': 'station baseline deviation', 'score': 1.026666666666667}, {'key': 'rolling_zscore', 'label': 'rolling z-score jump', 'score': 0.9}]","[""station baseline deviation"", ""rolling z-score jump""]",0.225,469.0,0.0,0.0,279.1604340935804
2026-02-05T12:05:00+00:00,2026-02-05T12:07:46+00:00,F,F20N,Bergen St,346.0,0,,,,0.0,0.0,0.0,0.0,,253.30688062214972,12.0,3.0,0.0,0.0,0.7482447342026078,0.5519179086244809,1.0,0.07922392886014551,338.0,324.0,300.0,313.0,16.673332000533065,292.0,308.0,324.0,308.0,16.0,33.0,8.0,1.0236686390532543,1.1,1.2666666666666666,0.8444444444444444,166.0,0.0,0.0,92.69311937785028,0.42633477633477634,0.0,0.0,0.2961441513669338,0.25561460761460764,"[{'key': 'station_baseline_deviation', 'label': 'station baseline deviation', 'score': 1.2666666666666666}, {'key': 'rolling_zscore', 'label': 'rolling z-score jump', 'score': 1.1}]","[""station baseline deviation"", ""rolling z-score jump""]",0.275,539.0,0.0,0.0,321.68043409358046
2026-02-05T12:10:00+00:00,2026-02-05T12:12:19+00:00,7,705N,74 St - Broadway,283.2,0,,,,0.0,0.0,0.0,0.0,,171.75081177532041,12.0,3.0,0.0,0.0,0.917753259779338,0.8878573173711214,1.0,0.809215844785772,275.2,267.2,300.0,258.40000000000003,12.988610395265543,232.8,252.0,266.88,248.0,16.0,24.799999999999955,8.0,1.0290697674418605,0.8266666666666651,1.173333333333333,0.6933333333333331,139.0,0.0,0.0,111.44918822467957,0.37956709956709944,0.0,0.0,0.43130490799024596,0.2163532652102418,"[{'key': 'station_baseline_deviation', 'label': 'station baseline deviation', 'score': 1.173333333333333}, {'key': 'rolling_zscore', 'label': 'rolling z-score jump', 'score': 0.8266666666666651}]","[""station baseline deviation"", ""rolling z-score jump""]",0.20666666666666628,434.0,0.0,0.0,263.95528216082727
2026-02-05T12:10:00+00:00,2026-02-05T12:12:07+00:00,7,726N,Queensboro Plaza,259.6,0,,,,0.0,0.0,0.0,0.0,,127.78646121732149,12.0,3.0,0.0,0.0,0.917753259779338,0.2812118250671879,1.0,0.809215844785772,251.6,243.6,300.0,237.20000000000002,11.631680875952542,212.8,232.0,244.0,228.0,15.799999999999997,22.400000000000006,8.000000000000028,1.0317965023847377,0.7466666666666668,1.0533333333333341,0.6133333333333338,127.0,0.0,0.0,131.81353878267853,0.33917748917748947,0.09973168571001945,0.0,0.5557063186453564,0.1946122978593568,"[{'key': 'station_baseline_deviation', 'label': 'station baseline deviation', 'score': 1.0533333333333341}, {'key': 'rolling_zscore', 'label': 'rolling z-score jump', 'score': 0.7466666666666668}]","[""station baseline deviation"", ""rolling z-score jump""]",0.1866666666666667,399.0,0.0,0.0,241.87628216082726
2026-02-05T12:10:00+00:00,2026-02-05T12:22:35+00:00,A,A15N,125 St,735.0,1,signal-delay-midtown,Signal delay cascades into northbound Midtown headway gap,Representative replay scenario where a signal hold creates a prolonged northbound gap and delayed recovery.,0.0,0.0,1.0,1.0,,928.3654362537627,12.0,3.0,0.0,0.0,0.15747241725175526,0.6457366235035427,1.0,0.4486661277283751,860.0,780.0,300.0,521.6666666666666,250.47288609082355,232.8,260.0,754.0000000000001,252.0,24.0,213.33333333333337,-125.0,0.8546511627906976,0.8517222628878758,16.1,0.9113584036838065,755.0,0.0,0.0,-193.3654362537627,0.7774164515453847,0.7518897257082632,0.0,0.20828590628497667,1.0,"[{'key': 'station_baseline_deviation', 'label': 'station baseline deviation', 'score': 16.1}, {'key': 'service_alert_active', 'label': 'service alert context', 'score': 1.0}, {'key': 'rolling_zscore', 'label': 'rolling z-score jump', 'score': 0.8517222628878758}]","[""station baseline deviation"", ""service alert context"", ""rolling z-score jump""]",0.21293056572196895,791.7000000000002,0.0,0.07253737518642117,642.4539271608273
2026-02-05T12:10:00+00:00,2026-02-05T12:12:01+00:00,A,A27N,59 St - Columbus Circle,247.8,0,,,,0.0,0.0,0.0,0.0,,120.18797739394972,12.0,3.0,0.0,0.0,0.15747241725175526,0.44319569997556807,1.0,0.4486661277283751,239.8,231.8,300.0,226.6,11.00836045921462,202.8,222.0,234.0,218.0,14.900000000000006,21.200000000000017,8.0,1.0333611342785656,0.7066666666666672,0.9933333333333337,0.5733333333333336,121.0,0.0,0.0,127.61202260605029,0.31898268398268415,0.05205361616802767,0.0,0.5631598526304072,0.183763617829673,"[{'key': 'station_baseline_deviation', 'label': 'station baseline deviation', 'score': 0.9933333333333337}, {'key': 'rolling_zscore', 'label': 'rolling z-score jump', 'score': 0.7066666666666672}]","[""station baseline deviation"", ""rolling z-score jump""]",0.1766666666666668,381.5,0.0,0.0,230.83678216082728
2026-02-05T12:10:00+00:00,2026-02-05T12:12:30+00:00,F,F09N,Jay St - MetroTech,306.8,0,,,,0.0,0.0,0.0,0.0,,196.5435622937472,12.0,3.0,0.0,0.0,0.7482447342026078,0.8101636941118984,1.0,0.07922392886014551,298.8,290.8,300.0,279.59999999999997,14.457662328329572,252.8,272.0,290.12,268.0,16.0,27.200000000000045,8.0,1.0267737617135206,0.9066666666666682,1.2933333333333337,0.7733333333333335,150.0,0.0,0.0,110.25643770625283,0.4199567099567101,0.0,0.0,0.39433632942150515,0.2381408948927023,"[{'key': 'station_baseline_deviation', 'label': 'station baseline deviation', 'score': 1.2933333333333337}, {'key': 'rolling_zscore', 'label': 'rolling z-score jump', 'score': 0.9066666666666682}]","[""station baseline deviation"", ""rolling z-score jump""]",0.22666666666666704,469.0,0.0,0.0,286.0342821608273
2026-02-05T12:10:00+00:00,2026-02-05T12:12:54+00:00,F,F20N,Bergen St,354.0,0,,,,0.0,0.0,0.0,0.0,,245.53671474891448,12.0,3.0,0.0,0.0,0.7482447342026078,0.5519179086244809,1.0,0.07922392886014551,346.0,338.0,300.0,322.0,17.618172436436193,292.8,312.0,336.6,308.0,16.0,32.0,8.0,1.023121387283237,1.0666666666666667,1.5333333333333334,0.9333333333333333,174.0,0.0,0.0,108.46328525108552,0.5007359307359307,0.0,0.0,0.3368425007797687,0.28181794826881534,"[{'key': 'station_baseline_deviation', 'label': 'station baseline deviation', 'score': 1.5333333333333334}, {'key': 'rolling_zscore', 'label': 'rolling z-score jump', 'score': 1.0666666666666667}]","[""station baseline deviation"", ""rolling z-score jump""]",0.26666666666666666,539.0,0.0,0.0,330.1922821608273
2026-02-05T12:15:00+00:00,2026-02-05T12:17:27+00:00,7,705N,74 St - Broadway,291.2,0,,,,0.0,0.0,0.0,0.0,,181.28424096822448,12.0,3.0,0.0,0.0,0.917753259779338,0.8878573173711214,1.0,0.809215844785772,283.2,275.2,300.0,265.59999999999997,12.719748425185161,232.8,256.0,274.4,248.0,16.0,25.600000000000023,8.0,1.0282485875706215,0.853333333333334,1.4399999999999997,0.7822222222222219,147.0,0.0,0.0,109.91575903177551,0.4539682539682539,0.0,0.0,0.4138394541859018,0.24732693032015068,"[{'key': 'station_baseline_deviation', 'label': 'station baseline deviation', 'score': 1.4399999999999997}, {'key': 'rolling_zscore', 'label': 'rolling z-score jump', 'score': 0.853333333333334}]","[""station baseline deviation"", ""rolling z-score jump""]",0.2133333333333335,434.0,0.0,0.0,270.6909334045377
2026-02-05T12:15:00+00:00,2026-02-05T12:17:15+00:00,7,726N,Queensboro Plaza,267.6,0,,,,0.0,0.0,0.0,0.0,,146.1201475577018,12.0,3.0,0.0,0.0,0.917753259779338,0.2812118250671879,1.0,0.809215844785772,259.6,251.6,300.0,243.79999999999998,11.14486428809254,212.8,236.0,250.84,228.0,16.0,23.80000000000004,8.0,1.0308166409861326,0.7933333333333347,1.3200000000000007,0.7022222222222227,135.0,0.0,0.0,121.47985244229821,0.4135786435786438,0.0,0.0,0.49827667121533314,0.2271687724704676,"[{'key': 'station_baseline_deviation', 'label': 'station baseline deviation', 'score': 1.3200000000000007}, {'key': 'rolling_zscore', 'label': 'rolling z-score jump', 'score': 0.7933333333333347}]","[""station baseline deviation"", ""rolling z-score jump""]",0.19833333333333367,399.0,0.0,0.0,248.07958340453774
2026-02-05T12:15:00+00:00,2026-02-05T12:23:50+00:00,A,A15N,125 St,510.0,1,signal-delay-midtown,Signal delay cascades into northbound Midtown headway gap,Representative replay scenario where a signal hold creates a prolonged northbound gap and delayed recovery.,0.0,0.0,1.0,1.0,,538.094504756356,12.0,3.0,0.0,0.0,0.15747241725175526,0.6457366235035427,1.0,0.4486661277283751,735.0,860.0,300.0,604.1666666666666,218.64163982797666,232.8,292.0,775.5,256.0,32.0,-94.16666666666663,-225.0,0.6938775510204082,-0.43068953718402075,7.9375,0.4016952275658743,530.0,0.0,0.0,-28.094504756355946,0.6893837211250147,0.0,0.0,0.046501249251899496,0.7247094451982512,"[{'key': 'station_baseline_deviation', 'label': 'station baseline deviation', 'score': 7.9375}, {'key': 'service_alert_active', 'label': 'service alert context', 'score': 1.0}, {'key': 'lag_ratio', 'label': 'headway jump vs previous train', 'score': 0.6122448979591837}]","[""station baseline deviation"", ""service alert context"", ""headway jump vs previous train""]",0.0,814.2750000000001,0.0,0.1887747683269431,674.8450526545378
2026-02-05T12:15:00+00:00,2026-02-05T12:17:09+00:00,A,A27N,59 St - Columbus Circle,255.8,0,,,,0.0,0.0,0.0,0.0,,127.75756003589694,12.0,3.0,0.0,0.0,0.15747241725175526,0.44319569997556807,1.0,0.4486661277283751,247.8,239.8,300.0,232.9,10.40826594587205,202.8,226.0,239.22,218.0,16.0,22.900000000000006,8.0,1.0322841000807101,0.7633333333333335,1.2600000000000005,0.6622222222222225,129.0,0.0,0.0,128.04243996410307,0.3933838383838385,0.07614656640487044,0.0,0.5497743235899659,0.21710956538753157,"[{'key': 'station_baseline_deviation', 'label': 'station baseline deviation', 'score': 1.2600000000000005}, {'key': 'rolling_zscore', 'label': 'rolling z-score jump', 'score': 0.7633333333333335}]","[""station baseline deviation"", ""rolling z-score jump""]",0.19083333333333338,381.5,0.0,0.0,236.77390840453774
2026-02-05T12:15:00+00:00,2026-02-05T12:17:38+00:00,F,F09N,Jay St - MetroTech,314.8,0,,,,0.0,0.0,0.0,0.0,,214.7675462311525,12.0,3.0,0.0,0.0,0.7482447342026078,0.8101636941118984,1.0,0.07922392886014551,306.8,298.8,300.0,287.40000000000003,14.392775965740576,252.8,276.0,298.0,268.0,16.0,27.399999999999977,8.0,1.0260756192959584,0.9133333333333326,1.5600000000000003,0.8584070796460181,158.0,0.0,0.0,100.03245376884752,0.493698885185611,0.0,0.0,0.3480600339904228,0.2672781706369227,"[{'key': 'station_baseline_deviation', 'label': 'station baseline deviation', 'score': 1.5600000000000003}, {'key': 'rolling_zscore', 'label': 'rolling z-score jump', 'score': 0.9133333333333326}]","[""station baseline deviation"", ""rolling z-score jump""]",0.22833333333333314,469.0,0.0,0.0,293.3022834045377
2026-02-05T12:15:00+00:00,2026-02-05T12:18:02+00:00,F,F20N,Bergen St,362.0,0,,,,0.0,0.0,0.0,0.0,,271.642649083076,12.0,3.0,0.0,0.0,0.7482447342026078,0.5519179086244809,1.0,0.07922392886014551,354.0,346.0,300.0,331.0,17.922053453775888,292.8,316.0,345.2,308.0,16.0,31.0,8.0,1.0225988700564972,1.0333333333333334,1.8,0.8778625954198477,182.0,0.0,0.0,90.35735091692402,0.550202240507584,0.0,0.0,0.2729829332837584,0.2985749747442075,"[{'key': 'station_baseline_deviation', 'label': 'station baseline deviation', 'score': 1.8}, {'key': 'rolling_zscore', 'label': 'rolling z-score jump', 'score': 1.0333333333333334}]","[""station baseline deviation"", ""rolling z-score jump""]",0.25833333333333336,539.0,0.0,0.0,338.52498340453775
2026-02-05T12:20:00+00:00,2026-02-05T12:22:35+00:00,7,705N,74 St - Broadway,299.2,0,,,,0.0,0.0,0.0,0.0,,184.59071919472052,12.0,3.0,0.0,0.0,0.917753259779338,0.8878573173711214,1.0,0.809215844785772,291.2,283.2,300.0,272.8,12.988610395265576,232.8,260.0,282.4,252.0,13.599999999999994,26.399999999999977,8.0,1.0274725274725274,0.8799999999999992,1.573333333333333,0.7903225806451616,155.0,0.0,0.0,114.60928080527947,0.4848912163105711,0.0,0.0,0.42012199708680154,0.26146195131033834,"[{'key': 'station_baseline_deviation', 'label': 'station baseline deviation', 'score': 1.573333333333333}, {'key': 'rolling_zscore', 'label': 'rolling z-score jump', 'score': 0.8799999999999992}]","[""station baseline deviation"", ""rolling z-score jump""]",0.2199999999999998,441.0,0.0,0.0,277.8691067129495
2026-02-05T12:20:00+00:00,2026-02-05T12:22:23+00:00,7,726N,Queensboro Plaza,275.6,0,,,,0.0,0.0,0.0,0.0,,138.4067175382255,12.0,3.0,0.0,0.0,0.917753259779338,0.2812118250671879,1.0,0.809215844785772,267.6,259.6,300.0,250.4,11.631680875952577,212.8,239.8,258.8,232.0,12.0,25.200000000000017,8.0,1.0298953662182362,0.8400000000000005,1.453333333333334,0.7782608695652177,143.0,0.0,0.0,137.19328246177452,0.45623640127987974,0.20423612656712178,0.0,0.547896495454371,0.24733493169164855,"[{'key': 'station_baseline_deviation', 'label': 'station baseline deviation', 'score': 1.453333333333334}, {'key': 'rolling_zscore', 'label': 'rolling z-score jump', 'score': 0.8400000000000005}]","[""station baseline deviation"", ""rolling z-score jump""]",0.21000000000000013,406.0,0.0,0.0,254.91172921294952
2026-02-05T12:20:00+00:00,2026-02-05T12:27:10+00:00,A,A15N,125 St,410.0,0,signal-delay-midtown,Signal delay cascades into northbound Midtown headway gap,Representative replay scenario where a signal hold creates a prolonged northbound gap and delayed recovery.,0.0,0.0,1.0,1.0,,620.0642075507542,12.0,3.0,0.0,0.0,0.15747241725175526,0.6457366235035427,1.0,0.4486661277283751,510.0,735.0,300.0,635.8333333333334,179.51090960347418,232.8,365.0,775.5,260.0,36.0,-225.83333333333337,-100.0,0.803921568627451,-1.2580479583785849,4.166666666666667,0.08291873963515754,430.0,0.0,0.0,-210.0642075507542,0.6343223277551636,1.0,0.0,0.3303762110889974,0.3770385195235942,"[{'key': 'station_baseline_deviation', 'label': 'station baseline deviation', 'score': 4.166666666666667}, {'key': 'rolling_zscore', 'label': 'rolling z-score jump', 'score': 1.2580479583785849}, {'key': 'service_alert_active', 'label': 'service alert context', 'score': 1.0}]","[""station baseline deviation"", ""rolling z-score jump"", ""service alert context""]",0.0,814.2750000000001,0.0,0.27424343309674265,617.1492842254495
2026-02-05T12:20:00+00:00,2026-02-05T12:22:17+00:00,A,A27N,59 St - Columbus Circle,263.8,0,,,,0.0,0.0,0.0,0.0,,128.40718475748065,12.0,3.0,0.0,0.0,0.15747241725175526,0.44319569997556807,1.0,0.4486661277283751,255.8,247.8,300.0,239.20000000000002,11.00836045921462,202.8,228.9,247.0,222.0,12.0,24.599999999999994,8.0,1.0312744331508992,0.8199999999999998,1.3933333333333338,0.7755555555555557,137.0,0.0,0.0,135.39281524251936,0.4424834054834056,0.1515162458180358,0.0,0.5660234750941444,0.2405072555105394,"[{'key': 'station_baseline_deviation', 'label': 'station baseline deviation', 'score': 1.3933333333333338}, {'key': 'rolling_zscore', 'label': 'rolling z-score jump', 'score': 0.8199999999999998}]","[""station baseline deviation"", ""rolling z-score jump""]",0.20499999999999996,388.5,0.0,0.0,243.43304046294952
2026-02-05T12:20:00+00:00,2026-02-05T12:22:46+00:00,F,F09N,Jay St - MetroTech,322.8,0,,,,0.0,0.0,0.0,0.0,,217.9493427530902,12.0,3.0,0.0,0.0,0.7482447342026078,0.8101636941118984,1.0,0.07922392886014551,314.8,306.8,300.0,295.2,14.457662328329539,252.8,280.0,306.0,272.0,15.400000000000006,27.600000000000023,8.0,1.0254129606099112,0.9200000000000007,1.6933333333333338,0.8045112781954891,166.0,0.0,0.0,104.8506572469098,0.5139134199134201,0.0,0.0,0.35518515327543976,0.2757675463156372,"[{'key': 'station_baseline_deviation', 'label': 'station baseline deviation', 'score': 1.6933333333333338}, {'key': 'rolling_zscore', 'label': 'rolling z-score jump', 'score': 0.9200000000000007}]","[""station baseline deviation"", ""rolling z-score jump""]",0.23000000000000018,476.0,0.0,0.0,300.82648421294954
2026-02-05T12:20:00+00:00,2026-02-05T12:23:10+00:00,F,F20N,Bergen St,370.0,0,,,,0.0,0.0,0.0,0.0,,271.0860216096596,12.0,3.0,0.0,0.0,0.7482447342026078,0.5519179086244809,1.0,0.07922392886014551,362.0,354.0,300.0,340.0,17.618172436436193,292.8,320.0,353.2,312.0,16.0,30.0,8.0,1.022099447513812,1.0,1.9333333333333333,0.8278145695364242,190.0,0.0,0.0,98.91397839034039,0.571081391015166,0.0,0.0,0.2909234658539423,0.30413388873920877,"[{'key': 'station_baseline_deviation', 'label': 'station baseline deviation', 'score': 1.9333333333333333}, {'key': 'rolling_zscore', 'label': 'rolling z-score jump', 'score': 1.0}]","[""station baseline deviation"", ""rolling z-score jump""]",0.25,546.0,0.0,0.0,346.7412392129495
2026-02-05T12:25:00+00:00,2026-02-05T12:27:43+00:00,7,705N,74 St - Broadway,307.2,0,,,,0.0,0.0,0.0,0.0,,201.45980910166315,12.0,3.0,0.0,0.0,0.917753259779338,0.8878573173711214,1.0,0.809215844785772,299.2,291.2,300.0,280.0,13.76372042726825,232.8,264.0,290.4,256.0,16.0,27.19999999999999,8.0,1.0267379679144386,0.9066666666666663,1.7066666666666663,0.7500000000000002,163.0,0.0,0.0,105.74019089833683,0.5074502164502164,0.0,0.0,0.3776435389226315,0.2724319667260844,"[{'key': 'station_baseline_deviation', 'label': 'station baseline deviation', 'score': 1.7066666666666663}, {'key': 'rolling_zscore', 'label': 'rolling z-score jump', 'score': 0.9066666666666663}]","[""station baseline deviation"", ""rolling z-score jump""]",0.22666666666666657,448.0,0.0,0.0,285.33491936341716
2026-02-05T12:25:00+00:00,2026-02-05T12:27:31+00:00,7,726N,Queensboro Plaza,283.6,0,,,,0.0,0.0,0.0,0.0,,165.38335414057138,12.0,3.0,0.0,0.0,0.917753259779338,0.2812118250671879,1.0,0.809215844785772,275.6,267.6,300.0,257.0,12.983065893694036,212.8,243.8,266.8,236.0,16.0,26.600000000000023,8.0,1.0290275761973875,0.8866666666666674,1.5866666666666673,0.7370370370370373,151.0,0.0,0.0,118.21664585942864,0.47863973063973086,0.0,0.0,0.45998694886937214,0.2598315227749191,"[{'key': 'station_baseline_deviation', 'label': 'station baseline deviation', 'score': 1.5866666666666673}, {'key': 'rolling_zscore', 'label': 'rolling z-score jump', 'score': 0.8866666666666674}]","[""station baseline deviation"", ""rolling z-score jump""]",0.22166666666666685,413.0,0.0,0.0,262.1526239884172
2026-02-05T12:25:00+00:00,2026-02-05T12:30:50+00:00,A,A15N,125 St,330.0,0,signal-delay-midtown,Signal delay cascades into northbound Midtown headway gap,Representative replay scenario where a signal hold creates a prolonged northbound gap and delayed recovery.,0.0,0.0,1.0,1.0,,467.3949482602198,12.0,3.0,0.0,0.0,0.15747241725175526,0.6457366235035427,1.0,0.4486661277283751,410.0,510.0,300.0,635.8333333333334,179.51090960347418,232.8,410.0,775.5,264.0,40.0,-305.83333333333337,-80.0,0.8048780487804879,-1.703703323708268,1.65,-0.14741109268472452,350.0,0.0,0.0,-137.3949482602198,0.3653571428571429,0.19191568956683397,0.0,0.2160864192821281,0.1535,"[{'key': 'rolling_zscore', 'label': 'rolling z-score jump', 'score': 1.703703323708268}, {'key': 'station_baseline_deviation', 'label': 'station baseline deviation', 'score': 1.65}, {'key': 'service_alert_active', 'label': 'service alert context', 'score': 1.0}]","[""rolling z-score jump"", ""station baseline deviation"", ""service alert context""]",0.0,814.2750000000001,0.0,0.28964896904290205,544.6470347465422
2026-02-05T12:25:00+00:00,2026-02-05T12:27:25+00:00,A,A27N,59 St - Columbus Circle,271.8,0,,,,0.0,0.0,0.0,0.0,,149.28744518471535,12.0,3.0,0.0,0.0,0.15747241725175526,0.44319569997556807,1.0,0.4486661277283751,263.8,255.8,300.0,245.5,12.638829059687465,202.8,232.9,255.0,226.0,16.0,26.30000000000001,8.0,1.0303260045489007,0.876666666666667,1.526666666666667,0.745210727969349,145.0,0.0,0.0,122.51255481528466,0.46676583569687036,0.017759584507804245,0.0,0.49903280983822673,0.2545071910709934,"[{'key': 'station_baseline_deviation', 'label': 'station baseline deviation', 'score': 1.526666666666667}, {'key': 'rolling_zscore', 'label': 'rolling z-score jump', 'score': 0.876666666666667}]","[""station baseline deviation"", ""rolling z-score jump""]",0.21916666666666676,395.5,0.0,0.0,250.5614763009172
2026-02-05T12:25:00+00:00,2026-02-05T12:27:54+00:00,F,F09N,Jay St - MetroTech,330.8,0,,,,0.0,0.0,0.0,0.0,,227.63724084239334,12.0,3.0,0.0,0.0,0.7482447342026078,0.8101636941118984,1.0,0.07922392886014551,322.8,314.8,300.0,303.0,14.650597257449887,252.8,284.0,314.0,276.0,16.0,27.80000000000001,8.0,1.0247831474597273,0.9266666666666671,1.826666666666667,0.7647058823529415,174.0,0.0,0.0,103.16275915760667,0.5365617519735169,0.0,0.0,0.34047115233533554,0.2851827613550772,"[{'key': 'station_baseline_deviation', 'label': 'station baseline deviation', 'score': 1.826666666666667}, {'key': 'rolling_zscore', 'label': 'rolling z-score jump', 'score': 0.9266666666666671}]","[""station baseline deviation"", ""rolling z-score jump""]",0.23166666666666677,483.0,0.0,0.0,308.51721473841724
2026-02-05T12:25:00+00:00,2026-02-05T12:28:18+00:00,F,F20N,Bergen St,378.0,0,,,,0.0,0.0,0.0,0.0,,288.9299740878353,12.0,3.0,0.0,0.0,0.7482447342026078,0.5519179086244809,1.0,0.07922392886014551,370.0,362.0,300.0,349.0,16.673332000533065,292.8,324.0,361.2,316.0,22.0,29.0,8.0,1.0216216216216216,0.9666666666666667,2.066666666666667,0.7894736842105265,198.0,0.0,0.0,89.07002591216468,0.5939826839826841,0.0,0.0,0.25521497396035725,0.31046142793511217,"[{'key': 'station_baseline_deviation', 'label': 'station baseline deviation', 'score': 2.066666666666667}, {'key': 'rolling_zscore', 'label': 'rolling z-score jump', 'score': 0.9666666666666667}]","[""station baseline deviation"", ""rolling z-score jump""]",0.24166666666666667,553.0,0.0,0.0,354.88180548841717
2026-02-05T12:30:00+00:00,2026-02-05T12:32:03+00:00,7,705N,74 St - Broadway,267.2,0,,,,0.0,0.0,0.0,0.0,,132.96663119521767,12.0,3.0,0.0,0.0,0.917753259779338,0.8878573173711214,1.0,0.809215844785772,307.2,299.2,300.0,287.2,14.966629547095812,232.8,265.6,298.4,256.0,17.599999999999994,-20.0,-40.0,0.8697916666666666,-0.6666666666666666,0.37333333333333296,0.02439024390243852,123.0,0.0,0.0,134.23336880478232,0.13973897586694461,0.15769421335012102,0.0,0.46738638163225044,0.033952007883715135,"[{'key': 'rolling_zscore', 'label': 'rolling z-score jump', 'score': 0.6666666666666666}, {'key': 'station_baseline_deviation', 'label': 'station baseline deviation', 'score': 0.37333333333333296}]","[""rolling z-score jump"", ""station baseline deviation""]",0.0,448.0,0.0,0.0,292.98769758622115
2026-02-05T12:30:00+00:00,2026-02-05T12:31:51+00:00,7,726N,Queensboro Plaza,243.6,0,,,,0.0,0.0,0.0,0.0,,98.26969110824504,12.0,3.0,0.0,0.0,0.917753259779338,0.2812118250671879,1.0,0.809215844785772,283.6,275.6,300.0,263.6,14.966629547095808,212.8,243.8,274.8,236.0,16.0,-20.00000000000003,-40.00000000000003,0.858956276445698,-0.6666666666666676,0.25333333333333313,-0.003225806451613178,111.0,0.0,0.0,145.33030889175495,0.1798793675055429,0.2778174844603587,0.0,0.5513289411675074,0.021955555555555537,"[{'key': 'rolling_zscore', 'label': 'rolling z-score jump', 'score': 0.6666666666666676}]","[""rolling z-score jump""]",0.0,413.0,0.0,0.0,269.6592055924712
2026-02-05T12:30:00+00:00,2026-02-05T12:35:00+00:00,A,A15N,125 St,280.0,0,signal-delay-midtown,Signal delay cascades into northbound Midtown headway gap,Representative replay scenario where a signal hold creates a prolonged northbound gap and delayed recovery.,0.0,0.0,1.0,1.0,,439.68881110281484,12.0,3.0,0.0,0.0,0.15747241725175526,0.6457366235035427,1.0,0.4486661277283751,330.0,410.0,300.0,604.1666666666666,216.89667278837328,232.8,410.0,775.5,292.0,64.0,-324.16666666666663,-50.0,0.8484848484848485,-1.4945672632929552,-0.1875,-0.23954302561267735,300.0,0.0,0.0,-159.68881110281484,0.1679404468106911,0.440501587221727,0.0,0.264312514928797,0.010499999999999999,"[{'key': 'rolling_zscore', 'label': 'rolling z-score jump', 'score': 1.4945672632929552}, {'key': 'service_alert_active', 'label': 'service alert context', 'score': 1.0}, {'key': 'lag_ratio', 'label': 'headway jump vs previous train', 'score': 0.303030303030303}]","[""rolling z-score jump"", ""service alert context"", ""headway jump vs previous train""]",0.0,814.2750000000001,0.0,0.24934735733297023,469.52057258525247
2026-02-05T12:30:00+00:00,2026-02-05T12:31:45+00:00,A,A27N,59 St - Columbus Circle,231.8,0,,,,0.0,0.0,0.0,0.0,,77.15593840898563,12.0,3.0,0.0,0.0,0.15747241725175526,0.44319569997556807,1.0,0.4486661277283751,271.8,263.8,300.0,251.80000000000004,14.966629547095799,202.8,232.9,263.0,226.0,16.0,-20.00000000000003,-40.0,0.8528329654157468,-0.6666666666666676,0.19333333333333372,-0.018272425249169343,105.0,0.0,0.0,154.64406159101438,0.21569608889541558,0.38157289694384344,0.0,0.6141543351509704,0.01675555555555559,"[{'key': 'rolling_zscore', 'label': 'rolling z-score jump', 'score': 0.6666666666666676}]","[""rolling z-score jump""]",0.0,395.5,0.0,0.0,257.9949595955962
2026-02-05T12:30:00+00:00,2026-02-05T12:32:14+00:00,F,F09N,Jay St - MetroTech,290.8,0,,,,0.0,0.0,0.0,0.0,,166.88162985591566,12.0,3.0,0.0,0.0,0.7482447342026078,0.8101636941118984,1.0,0.07922392886014551,330.8,322.8,300.0,310.8,14.96662954709567,252.8,287.4,322.0,276.0,19.400000000000006,-20.0,-40.0,0.879081015719468,-0.6666666666666666,0.49333333333333373,0.049132947976879116,134.0,0.0,0.0,123.91837014408435,0.11772469534319263,0.024066855158572438,0.0,0.398707754646346,0.04597153033222404,"[{'key': 'rolling_zscore', 'label': 'rolling z-score jump', 'score': 0.6666666666666666}, {'key': 'station_baseline_deviation', 'label': 'station baseline deviation', 'score': 0.49333333333333373}]","[""rolling z-score jump"", ""station baseline deviation""]",0.0,483.0,0.0,0.0,316.31618957997125
2026-02-05T12:30:00+00:00,2026-02-05T12:37:15+00:00,F,F20N,Bergen St,340.0,0,brooklyn-merge-bunching,Brooklyn merge conflict triggers bunching at Bergen St,Representative replay scenario where merge pressure causes one long gap followed by bunching and stale updates.,0.0,0.0,1.0,0.8,,221.73491871153584,12.0,3.0,0.0,0.0,0.7482447342026078,0.5519179086244809,1.0,0.07922392886014551,378.0,370.0,300.0,358.0,14.966629547095765,292.8,331.0,369.2,316.0,23.0,-18.0,-38.0,0.8994708994708994,-0.6,0.8,0.11780104712041889,435.0,0.0,0.0,118.26508128846416,0.19749031073638407,0.0,0.0,0.33034938907392225,0.08754394732666983,"[{'key': 'service_alert_active', 'label': 'service alert context', 'score': 1.0}, {'key': 'station_baseline_deviation', 'label': 'station baseline deviation', 'score': 0.8}, {'key': 'rolling_zscore', 'label': 'rolling z-score jump', 'score': 0.6}]","[""service alert context"", ""station baseline deviation"", ""rolling z-score jump""]",0.0,553.0,0.0,0.0,362.9731735674711
2026-02-05T12:35:00+00:00,2026-02-05T12:37:11+00:00,7,705N,74 St - Broadway,275.2,0,,,,0.0,0.0,0.0,0.0,,174.28226376868642,12.0,3.0,0.0,0.0,0.917753259779338,0.8878573173711214,1.0,0.809215844785772,267.2,307.2,300.0,287.2,14.966629547095812,240.8,267.2,298.4,256.0,16.0,-12.0,8.0,1.029940119760479,-0.4,0.6399999999999996,0.13888888888888898,131.0,0.0,0.0,100.91773623131357,0.16570418470418463,0.0,0.0,0.35138487545721997,0.06780108873162762,"[{'key': 'station_baseline_deviation', 'label': 'station baseline deviation', 'score': 0.6399999999999996}, {'key': 'rolling_zscore', 'label': 'rolling z-score jump', 'score': 0.4}]","[""station baseline deviation"", ""rolling z-score jump""]",0.0,448.0,0.0,0.0,283.96200343104374
2026-02-05T12:35:00+00:00,2026-02-05T12:36:59+00:00,7,726N,Queensboro Plaza,251.6,0,,,,0.0,0.0,0.0,0.0,,143.70956043210776,12.0,3.0,0.0,0.0,0.917753259779338,0.2812118250671879,1.0,0.809215844785772,243.6,283.6,300.0,263.6,14.966629547095808,220.8,243.8,274.8,236.0,16.0,-12.000000000000028,8.0,1.0328407224958949,-0.40000000000000097,0.5199999999999998,0.14444444444444413,119.0,0.0,0.0,107.89043956789223,0.14009235209235202,0.0,0.0,0.409296052988969,0.05807895705826736,"[{'key': 'station_baseline_deviation', 'label': 'station baseline deviation', 'score': 0.5199999999999998}, {'key': 'rolling_zscore', 'label': 'rolling z-score jump', 'score': 0.40000000000000097}]","[""station baseline deviation"", ""rolling z-score jump""]",0.0,413.0,0.0,0.0,260.5384836351063
2026-02-05T12:35:00+00:00,2026-02-05T12:37:11+00:00,A,A15N,125 St,275.2,0,,,,0.0,0.0,0.0,0.0,,331.4195421208344,12.0,3.0,0.0,0.0,0.15747241725175526,0.6457366235035427,1.0,0.4486661277283751,280.0,330.0,300.0,520.8333333333334,231.39612500356756,244.0,410.0,775.5,280.0,50.0,-245.63333333333338,-4.800000000000011,0.9828571428571428,-1.061527427607296,-0.09600000000000022,-0.2536218250235184,131.0,0.0,0.0,-56.21954212083443,0.017270643339520338,0.0,0.0,0.10794152087200211,0.0,"[{'key': 'rolling_zscore', 'label': 'rolling z-score jump', 'score': 1.061527427607296}]","[""rolling z-score jump""]",0.0,814.2750000000001,0.0,0.15913077706504755,403.1883721804141
2026-02-05T12:35:00+00:00,2026-02-05T12:36:53+00:00,A,A27N,59 St - Columbus Circle,239.8,0,,,,0.0,0.0,0.0,0.0,,119.59738919448803,12.0,3.0,0.0,0.0,0.15747241725175526,0.44319569997556807,1.0,0.4486661277283751,231.8,271.8,300.0,251.80000000000004,14.966629547095799,210.8,232.9,263.0,226.0,16.0,-12.000000000000028,8.0,1.0345125107851596,-0.40000000000000097,0.46000000000000035,0.13218390804597716,113.0,0.0,0.0,120.20261080551198,0.12468890879235717,0.0,0.0,0.4773733550655757,0.05225755961928053,"[{'key': 'station_baseline_deviation', 'label': 'station baseline deviation', 'score': 0.46000000000000035}, {'key': 'rolling_zscore', 'label': 'rolling z-score jump', 'score': 0.40000000000000097}]","[""station baseline deviation"", ""rolling z-score jump""]",0.0,395.5,0.0,0.0,248.8267237371375
2026-02-05T12:35:00+00:00,2026-02-05T12:37:22+00:00,F,F09N,Jay St - MetroTech,298.8,0,,,,0.0,0.0,0.0,0.0,,210.19530186072308,12.0,3.0,0.0,0.0,0.7482447342026078,0.8101636941118984,1.0,0.07922392886014551,290.8,330.8,300.0,310.8,14.96662954709567,260.8,290.8,322.0,276.0,16.0,-12.0,8.0,1.0275103163686383,-0.4,0.7600000000000003,0.13071895424836605,142.0,0.0,0.0,88.60469813927693,0.1908644427467958,0.0,0.0,0.2850859013490249,0.07740310067255618,"[{'key': 'station_baseline_deviation', 'label': 'station baseline deviation', 'score': 0.7600000000000003}, {'key': 'rolling_zscore', 'label': 'rolling z-score jump', 'score': 0.4}]","[""station baseline deviation"", ""rolling z-score jump""]",0.0,483.0,0.0,0.0,307.3855232269813
2026-02-05T12:35:00+00:00,2026-02-05T12:43:05+00:00,F,F20N,Bergen St,390.0,0,brooklyn-merge-bunching,Brooklyn merge conflict triggers bunching at Bergen St,Representative replay scenario where merge pressure causes one long gap followed by bunching and stale updates.,0.0,0.0,1.0,0.8,,332.04422407290394,12.0,3.0,0.0,0.0,0.7482447342026078,0.5519179086244809,1.0,0.07922392886014551,340.0,378.0,300.0,358.3333333333333,14.445299120013631,300.8,339.0,369.2,316.0,24.0,31.666666666666686,50.0,1.1470588235294117,1.0555555555555562,2.466666666666667,0.7456140350877195,485.0,0.0,0.0,57.955775927096056,0.674978354978355,0.0,0.0,0.1617370490988727,0.37345742252243813,"[{'key': 'station_baseline_deviation', 'label': 'station baseline deviation', 'score': 2.466666666666667}, {'key': 'rolling_zscore', 'label': 'rolling z-score jump', 'score': 1.0555555555555562}, {'key': 'service_alert_active', 'label': 'service alert context', 'score': 1.0}]","[""station baseline deviation"", ""rolling z-score jump"", ""service alert context""]",0.26388888888888906,553.0,0.0,0.037536571712175996,354.93256281885624
2026-02-05T12:40:00+00:00,2026-02-05T12:42:19+00:00,7,705N,74 St - Broadway,283.2,0,,,,0.0,0.0,0.0,0.0,,194.82909061280168,12.0,3.0,0.0,0.0,0.917753259779338,0.8878573173711214,1.0,0.809215844785772,275.2,267.2,300.0,287.2,14.966629547095812,248.8,271.2,298.4,260.0,17.599999999999994,-4.0,8.0,1.0290697674418605,-0.13333333333333333,0.773333333333333,0.24193548387096792,139.0,0.0,0.0,88.37090938719831,0.21302695154308054,0.0,0.0,0.3076981524623897,0.08600722415452347,"[{'key': 'station_baseline_deviation', 'label': 'station baseline deviation', 'score': 0.773333333333333}]","[""station baseline deviation""]",0.0,455.0,0.0,0.0,280.89530223017846
2026-02-05T12:40:00+00:00,2026-02-05T12:42:07+00:00,7,726N,Queensboro Plaza,259.6,0,,,,0.0,0.0,0.0,0.0,,155.58748889952534,12.0,3.0,0.0,0.0,0.917753259779338,0.2812118250671879,1.0,0.809215844785772,251.6,243.6,300.0,263.59999999999997,14.966629547095808,228.8,247.8,274.8,239.8,15.800000000000011,-3.999999999999943,8.000000000000028,1.0317965023847377,-0.13333333333333144,0.6600000000000004,0.256521739130435,127.0,0.0,0.0,104.01251110047468,0.19045115753811417,0.0,0.0,0.3945846399866263,0.07743513492567206,"[{'key': 'station_baseline_deviation', 'label': 'station baseline deviation', 'score': 0.6600000000000004}]","[""station baseline deviation""]",0.0,419.65000000000003,0.0,0.0,257.4100143628191
2026-02-05T12:40:00+00:00,2026-02-05T12:42:19+00:00,A,A15N,125 St,283.2,0,,,,0.0,0.0,0.0,0.0,,354.81157981410314,12.0,3.0,0.0,0.0,0.15747241725175526,0.6457366235035427,1.0,0.4486661277283751,275.2,280.0,300.0,423.3666666666666,176.64882299824896,275.68,410.0,775.5,277.6,49.0,-140.16666666666663,8.0,1.0290697674418605,-0.7934763690333563,0.11428571428571359,-0.25369132887839624,139.0,0.0,0.0,-71.61157981410315,0.035761358724390034,0.0,0.0,0.16914789342753286,0.013053986710963401,"[{'key': 'rolling_zscore', 'label': 'rolling z-score jump', 'score': 0.7934763690333563}]","[""rolling z-score jump""]",0.0,814.2750000000001,0.0,0.08277718280213985,358.39244191726914
2026-02-05T12:40:00+00:00,2026-02-05T12:42:01+00:00,A,A27N,59 St - Columbus Circle,247.8,0,,,,0.0,0.0,0.0,0.0,,126.25925140195542,12.0,3.0,0.0,0.0,0.15747241725175526,0.44319569997556807,1.0,0.4486661277283751,239.8,231.8,300.0,251.79999999999998,14.966629547095799,218.8,236.9,263.0,228.9,14.900000000000006,-3.9999999999999716,8.0,1.0333611342785656,-0.1333333333333324,0.6300000000000002,0.24222222222222234,121.0,0.0,0.0,121.54074859804459,0.1813383838383839,0.03542216362858354,0.0,0.4826876433599865,0.07406866833472343,"[{'key': 'station_baseline_deviation', 'label': 'station baseline deviation', 'score': 0.6300000000000002}]","[""station baseline deviation""]",0.0,400.575,0.0,0.0,245.6673704291394
2026-02-05T12:40:00+00:00,2026-02-05T12:42:30+00:00,F,F09N,Jay St - MetroTech,306.8,0,,,,0.0,0.0,0.0,0.0,,225.31881797220703,12.0,3.0,0.0,0.0,0.7482447342026078,0.8101636941118984,1.0,0.07922392886014551,298.8,290.8,300.0,310.8,14.96662954709567,268.8,294.8,322.0,280.0,19.400000000000006,-4.0,8.0,1.0267737617135206,-0.13333333333333333,0.8933333333333338,0.22556390977443613,150.0,0.0,0.0,81.48118202779298,0.2367705627705629,0.0,0.0,0.2621659653403893,0.09508689625975617,"[{'key': 'station_baseline_deviation', 'label': 'station baseline deviation', 'score': 0.8933333333333338}]","[""station baseline deviation""]",0.0,490.0,0.0,0.0,304.3805900975379
2026-02-05T12:40:00+00:00,2026-02-05T12:48:45+00:00,F,F20N,Bergen St,430.0,1,brooklyn-merge-bunching,Brooklyn merge conflict triggers bunching at Bergen St,Representative replay scenario where merge pressure causes one long gap followed by bunching and stale updates.,0.0,0.0,1.0,0.8,,370.9164562106169,12.0,3.0,0.0,0.0,0.7482447342026078,0.5519179086244809,1.0,0.07922392886014551,390.0,340.0,300.0,365.6666666666667,17.72756798510916,308.8,343.0,377.2,320.0,23.0,64.33333333333331,40.0,1.1025641025641026,2.144444444444444,3.6666666666666665,1.271929824561404,525.0,0.0,0.0,59.0835437893831,0.8396969696969697,0.0,0.0,0.15929070495549486,0.5941980329611908,"[{'key': 'station_baseline_deviation', 'label': 'station baseline deviation', 'score': 3.6666666666666665}, {'key': 'rolling_zscore', 'label': 'rolling z-score jump', 'score': 2.144444444444444}, {'key': 'service_alert_active', 'label': 'service alert context', 'score': 1.0}]","[""station baseline deviation"", ""rolling z-score jump"", ""service alert context""]",0.536111111111111,560.0,0.0,0.24291729013143257,367.2061658322566
2026-02-05T12:45:00+00:00,2026-02-05T12:47:27+00:00,7,705N,74 St - Broadway,291.2,0,,,,0.0,0.0,0.0,0.0,,210.59068619934658,12.0,3.0,0.0,0.0,0.917753259779338,0.8878573173711214,1.0,0.809215844785772,283.2,275.2,300.0,287.2,14.966629547095812,256.8,275.2,298.4,264.0,19.19999999999999,4.0,8.0,1.0282485875706215,0.13333333333333333,0.9066666666666663,0.35555555555555557,147.0,0.0,0.0,80.60931380065341,0.2621760461760461,0.0,0.0,0.2806730981916902,0.11557743537065568,"[{'key': 'station_baseline_deviation', 'label': 'station baseline deviation', 'score': 0.9066666666666663}]","[""station baseline deviation""]",0.03333333333333333,462.0,0.0,0.0,281.701946449616
2026-02-05T12:45:00+00:00,2026-02-05T12:47:15+00:00,7,726N,Queensboro Plaza,267.6,0,,,,0.0,0.0,0.0,0.0,,169.60579344965743,12.0,3.0,0.0,0.0,0.917753259779338,0.2812118250671879,1.0,0.809215844785772,259.6,251.6,300.0,263.6,14.966629547095808,236.76,251.6,274.8,243.6,16.00000000000003,4.0,8.0,1.0308166409861326,0.13333333333333333,0.8000000000000009,0.3555555555555562,135.0,0.0,0.0,97.9942065503426,0.2385569985569989,0.0,0.0,0.371753439113591,0.10661119671289176,"[{'key': 'station_baseline_deviation', 'label': 'station baseline deviation', 'score': 0.8000000000000009}]","[""station baseline deviation""]",0.03333333333333333,426.3,0.0,0.0,258.1765093358324
2026-02-05T12:45:00+00:00,2026-02-05T12:47:27+00:00,A,A15N,125 St,291.2,0,,,,0.0,0.0,0.0,0.0,,286.111846298731,12.0,3.0,0.0,0.0,0.15747241725175526,0.6457366235035427,1.0,0.4486661277283751,283.2,275.2,300.0,348.06666666666666,94.37674854892333,280.32,410.0,775.5,280.0,48.0,-56.866666666666674,8.0,1.0282485875706215,-0.6025495425622546,0.2333333333333331,-0.23991275899672848,147.0,0.0,0.0,5.088153701268993,0.05166666666666661,0.0,0.0,0.014618330878957078,0.0232824858757062,"[{'key': 'rolling_zscore', 'label': 'rolling z-score jump', 'score': 0.6025495425622546}]","[""rolling z-score jump""]",0.0,814.2750000000001,0.0,0.023644189560028023,332.07508724622494
2026-02-05T12:45:00+00:00,2026-02-05T12:47:09+00:00,A,A27N,59 St - Columbus Circle,255.8,0,,,,0.0,0.0,0.0,0.0,,136.25264668912607,12.0,3.0,0.0,0.0,0.15747241725175526,0.44319569997556807,1.0,0.4486661277283751,247.8,239.8,300.0,251.79999999999998,14.966629547095799,226.58,239.8,263.0,231.8,16.0,4.000000000000028,8.0,1.0322841000807101,0.13333333333333428,0.8,0.35555555555555557,129.0,0.0,0.0,119.54735331087394,0.23855699855699858,0.015265324766386446,0.0,0.474771061599976,0.10677017144813762,"[{'key': 'station_baseline_deviation', 'label': 'station baseline deviation', 'score': 0.8}]","[""station baseline deviation""]",0.03333333333333357,405.65000000000003,0.0,0.0,246.4137907789406
2026-02-05T12:45:00+00:00,2026-02-05T12:47:38+00:00,F,F09N,Jay St - MetroTech,314.8,0,,,,0.0,0.0,0.0,0.0,,254.90551783796087,12.0,3.0,0.0,0.0,0.7482447342026078,0.8101636941118984,1.0,0.07922392886014551,306.8,298.8,300.0,310.8,14.96662954709567,276.8,298.8,322.0,284.0,22.80000000000001,4.0,8.0,1.0260756192959584,0.13333333333333333,1.026666666666667,0.35398230088495586,158.0,0.0,0.0,59.89448216203914,0.2884757307589167,0.0,0.0,0.19271068906705,0.12563905380488558,"[{'key': 'station_baseline_deviation', 'label': 'station baseline deviation', 'score': 1.026666666666667}]","[""station baseline deviation""]",0.03333333333333333,497.0,0.0,0.0,305.2273835633996
2026-02-05T12:45:00+00:00,2026-02-05T12:58:05+00:00,F,F20N,Bergen St,690.0,1,brooklyn-merge-bunching,Brooklyn merge conflict triggers bunching at Bergen St,Representative replay scenario where merge pressure causes one long gap followed by bunching and stale updates.,0.0,0.0,1.0,0.8,,736.1006819421325,12.0,3.0,0.0,0.0,0.7482447342026078,0.5519179086244809,1.0,0.07922392886014551,430.0,390.0,300.0,378.3333333333333,30.368843683398104,316.8,350.0,388.8,324.0,24.0,311.6666666666667,260.0,1.6046511627906976,10.26271101777402,12.2,4.722222222222222,785.0,0.0,0.0,-46.100681942132496,1.0,0.0,0.0,0.06262822881850914,1.0,"[{'key': 'station_baseline_deviation', 'label': 'station baseline deviation', 'score': 12.2}, {'key': 'rolling_zscore', 'label': 'rolling z-score jump', 'score': 10.26271101777402}, {'key': 'lag_ratio', 'label': 'headway jump vs previous train', 'score': 1.2093023255813953}]","[""station baseline deviation"", ""rolling z-score jump"", ""headway jump vs previous train""]",1.0,567.0,0.2892416225749559,1.0,389.1840077909668
2026-02-05T12:50:00+00:00,2026-02-05T12:52:35+00:00,7,705N,74 St - Broadway,299.2,0,,,,0.0,0.0,0.0,0.0,,223.80488228017848,12.0,3.0,0.0,0.0,0.917753259779338,0.8878573173711214,1.0,0.809215844785772,291.2,283.2,300.0,287.2,14.966629547095812,264.32,279.2,298.4,264.0,19.19999999999999,12.0,8.0,1.0274725274725274,0.4,1.173333333333333,0.4444444444444444,155.0,0.0,0.0,75.39511771982151,0.3365772005772005,0.0,0.0,0.26251781935871,0.1657559884559884,"[{'key': 'station_baseline_deviation', 'label': 'station baseline deviation', 'score': 1.173333333333333}, {'key': 'rolling_zscore', 'label': 'rolling z-score jump', 'score': 0.4}]","[""station baseline deviation"", ""rolling z-score jump""]",0.1,462.0,0.0,0.0,285.02626519225043
2026-02-05T12:50:00+00:00,2026-02-05T12:52:23+00:00,7,726N,Queensboro Plaza,275.6,0,,,,0.0,0.0,0.0,0.0,,181.61275245649182,12.0,3.0,0.0,0.0,0.917753259779338,0.2812118250671879,1.0,0.809215844785772,267.6,259.6,300.0,263.59999999999997,14.966629547095808,243.6,255.60000000000002,274.8,243.6,16.00000000000003,12.000000000000057,8.0,1.0298953662182362,0.4000000000000019,1.0666666666666675,0.4444444444444444,143.0,0.0,0.0,93.9872475435082,0.31295815295815316,0.0,0.0,0.3565525324108809,0.15677401820899603,"[{'key': 'station_baseline_deviation', 'label': 'station baseline deviation', 'score': 1.0666666666666675}, {'key': 'rolling_zscore', 'label': 'rolling z-score jump', 'score': 0.4000000000000019}]","[""station baseline deviation"", ""rolling z-score jump""]",0.10000000000000048,426.3,0.0,0.0,261.4747310682911
2026-02-05T12:50:00+00:00,2026-02-05T12:52:35+00:00,A,A15N,125 St,299.2,0,,,,0.0,0.0,0.0,0.0,,299.5010664146429,12.0,3.0,0.0,0.0,0.15747241725175526,0.6457366235035427,1.0,0.4486661277283751,291.2,283.2,300.0,311.59999999999997,52.09099730279732,280.32,410.0,775.5,281.6,49.0,-12.399999999999977,8.0,1.0274725274725274,-0.23804497210757164,0.35918367346938707,-0.22375701765014744,155.0,0.0,0.0,-0.3010664146428894,0.07953352769679285,0.0,0.0,0.0009661951689438044,0.034105442176870684,"[{'key': 'station_baseline_deviation', 'label': 'station baseline deviation', 'score': 0.35918367346938707}]","[""station baseline deviation""]",0.0,814.2750000000001,0.0,0.0,317.7688067100462
2026-02-05T12:50:00+00:00,2026-02-05T12:52:17+00:00,A,A27N,59 St - Columbus Circle,263.8,0,,,,0.0,0.0,0.0,0.0,,147.39467919003334,12.0,3.0,0.0,0.0,0.15747241725175526,0.44319569997556807,1.0,0.4486661277283751,255.8,247.8,300.0,251.80000000000004,14.966629547095799,231.8,243.8,263.0,231.8,16.0,11.999999999999972,8.0,1.0312744331508992,0.3999999999999991,1.0666666666666667,0.4444444444444444,137.0,0.0,0.0,116.40532080996667,0.312958152958153,0.0,0.0,0.46229277525800894,0.15692341712670088,"[{'key': 'station_baseline_deviation', 'label': 'station baseline deviation', 'score': 1.0666666666666667}, {'key': 'rolling_zscore', 'label': 'rolling z-score jump', 'score': 0.3999999999999991}]","[""station baseline deviation"", ""rolling z-score jump""]",0.09999999999999977,405.65000000000003,0.0,0.0,249.6989640063114
2026-02-05T12:50:00+00:00,2026-02-05T12:52:46+00:00,F,F09N,Jay St - MetroTech,322.8,0,,,,0.0,0.0,0.0,0.0,,263.6803873267972,12.0,3.0,0.0,0.0,0.7482447342026078,0.8101636941118984,1.0,0.07922392886014551,314.8,306.8,300.0,310.8,14.96662954709567,284.68,302.8,322.0,284.0,22.80000000000001,12.0,8.0,1.0254129606099112,0.4,1.2933333333333337,0.4444444444444444,166.0,0.0,0.0,59.11961267320282,0.3631486291486292,0.0,0.0,0.19021754399357407,0.17593286871253838,"[{'key': 'station_baseline_deviation', 'label': 'station baseline deviation', 'score': 1.2933333333333337}, {'key': 'rolling_zscore', 'label': 'rolling z-score jump', 'score': 0.4}]","[""station baseline deviation"", ""rolling z-score jump""]",0.1,497.0,0.0,0.0,308.57779931620973
2026-02-05T12:50:00+00:00,2026-02-05T13:04:15+00:00,F,F20N,Bergen St,760.0,1,brooklyn-merge-bunching,Brooklyn merge conflict triggers bunching at Bergen St,Representative replay scenario where merge pressure causes one long gap followed by bunching and stale updates.,0.0,0.0,1.0,0.8,,525.3277259793383,12.0,3.0,0.0,0.0,0.7482447342026078,0.5519179086244809,1.0,0.07922392886014551,690.0,430.0,300.0,433.0,129.26716520447104,325.4,358.0,426.0,324.0,27.0,327.0,70.0,1.1014492753623188,2.5296447050785162,14.533333333333333,3.996023856858846,855.0,0.0,0.0,234.6722740206617,1.0,1.0,0.0,0.44671594971153605,1.0,"[{'key': 'station_baseline_deviation', 'label': 'station baseline deviation', 'score': 14.533333333333333}, {'key': 'rolling_zscore', 'label': 'rolling z-score jump', 'score': 2.5296447050785162}, {'key': 'service_alert_active', 'label': 'service alert context', 'score': 1.0}]","[""station baseline deviation"", ""rolling z-score jump"", ""service alert context""]",0.6324111762696291,567.0,0.4538506760728983,0.43287381177409684,494.4696050641284
2026-02-05T12:55:00+00:00,2026-02-05T12:57:43+00:00,7,705N,74 St - Broadway,307.2,0,,,,0.0,0.0,0.0,0.0,,234.891600298968,12.0,3.0,0.0,0.0,0.917753259779338,0.8878573173711214,1.0,0.809215844785772,299.2,291.2,300.0,287.2,14.966629547095812,267.2,283.2,299.2,264.0,19.19999999999999,20.0,8.0,1.0267379679144386,0.6666666666666666,1.4399999999999997,0.5333333333333333,163.0,0.0,0.0,72.30839970103199,0.41097835497835494,0.0,0.0,0.2517701939450975,0.21593903743315507,"[{'key': 'station_baseline_deviation', 'label': 'station baseline deviation', 'score': 1.4399999999999997}, {'key': 'rolling_zscore', 'label': 'rolling z-score jump', 'score': 0.6666666666666666}]","[""station baseline deviation"", ""rolling z-score jump""]",0.16666666666666666,462.0,0.0,0.0,289.9870723749628
2026-02-05T12:55:00+00:00,2026-02-05T12:57:31+00:00,7,726N,Queensboro Plaza,283.6,0,,,,0.0,0.0,0.0,0.0,,183.84744309801536,12.0,3.0,0.0,0.0,0.917753259779338,0.2812118250671879,1.0,0.809215844785772,275.6,267.6,300.0,263.6,14.966629547095808,243.64,259.6,275.6,243.6,16.00000000000003,20.0,8.0,1.0290275761973875,0.6666666666666666,1.3333333333333344,0.5333333333333333,151.0,0.0,0.0,99.75255690198466,0.3873593073593076,0.0,0.0,0.3784239639680753,0.2069426338860302,"[{'key': 'station_baseline_deviation', 'label': 'station baseline deviation', 'score': 1.3333333333333344}, {'key': 'rolling_zscore', 'label': 'rolling z-score jump', 'score': 0.6666666666666666}]","[""station baseline deviation"", ""rolling z-score jump""]",0.16666666666666666,426.3,0.0,0.0,266.4185751943892
2026-02-05T12:55:00+00:00,2026-02-05T12:57:43+00:00,A,A15N,125 St,307.2,0,,,,0.0,0.0,0.0,0.0,,307.8401407750657,12.0,3.0,0.0,0.0,0.15747241725175526,0.6457366235035427,1.0,0.4486661277283751,299.2,291.2,300.0,293.1333333333333,19.962231004241612,280.32,370.0,775.5,283.2,46.80000000000001,14.066666666666663,8.0,1.0267379679144386,0.46888888888888874,0.5128205128205127,-0.12682256957066118,163.0,0.0,0.0,-0.6401407750657313,0.11355311355311352,0.0,0.0,0.0020794584275267494,0.08485216874628639,"[{'key': 'station_baseline_deviation', 'label': 'station baseline deviation', 'score': 0.5128205128205127}, {'key': 'rolling_zscore', 'label': 'rolling z-score jump', 'score': 0.46888888888888874}]","[""station baseline deviation"", ""rolling z-score jump""]",0.11722222222222219,814.2750000000001,0.0,0.0,311.26972436153
2026-02-05T12:55:00+00:00,2026-02-05T12:57:25+00:00,A,A27N,59 St - Columbus Circle,271.8,0,,,,0.0,0.0,0.0,0.0,,146.04990116398346,12.0,3.0,0.0,0.0,0.15747241725175526,0.44319569997556807,1.0,0.4486661277283751,263.8,255.8,300.0,251.80000000000004,14.966629547095799,232.02,247.8,263.8,231.8,16.0,19.99999999999997,8.0,1.0303260045489007,0.6666666666666657,1.3333333333333333,0.5333333333333333,145.0,0.0,0.0,125.75009883601655,0.38735930735930735,0.08618757459394201,0.0,0.4994046816362849,0.20708329695744396,"[{'key': 'station_baseline_deviation', 'label': 'station baseline deviation', 'score': 1.3333333333333333}, {'key': 'rolling_zscore', 'label': 'rolling z-score jump', 'score': 0.6666666666666657}]","[""station baseline deviation"", ""rolling z-score jump""]",0.16666666666666644,405.65000000000003,0.0,0.0,254.6343266041024
2026-02-05T12:55:00+00:00,2026-02-05T12:57:54+00:00,F,F09N,Jay St - MetroTech,330.8,0,,,,0.0,0.0,0.0,0.0,,273.19921084267037,12.0,3.0,0.0,0.0,0.7482447342026078,0.8101636941118984,1.0,0.07922392886014551,322.8,314.8,300.0,310.8,14.96662954709567,290.8,306.8,322.8,284.0,22.80000000000001,20.0,8.0,1.0247831474597273,0.6666666666666666,1.5600000000000003,0.5333333333333333,174.0,0.0,0.0,57.60078915732964,0.43754978354978363,0.0,0.0,0.18533072444443258,0.2261272652172281,"[{'key': 'station_baseline_deviation', 'label': 'station baseline deviation', 'score': 1.5600000000000003}, {'key': 'rolling_zscore', 'label': 'rolling z-score jump', 'score': 0.6666666666666666}]","[""station baseline deviation"", ""rolling z-score jump""]",0.16666666666666666,497.0,0.0,0.0,313.5555695555363
2026-02-05T12:55:00+00:00,2026-02-05T13:07:15+00:00,F,F20N,Bergen St,640.0,1,brooklyn-merge-bunching,Brooklyn merge conflict triggers bunching at Bergen St,Representative replay scenario where merge pressure causes one long gap followed by bunching and stale updates.,0.0,0.0,1.0,0.8,,502.5548670706173,12.0,3.0,0.0,0.0,0.7482447342026078,0.5519179086244809,1.0,0.07922392886014551,760.0,690.0,300.0,498.0,179.53272682160215,338.2,366.0,664.0000000000001,324.0,30.0,142.0,-120.0,0.8421052631578947,0.7909421447216272,10.533333333333333,0.8410067526089622,735.0,0.0,0.0,137.44513292938268,0.7652648027233662,0.19493659766940694,0.0,0.27349279041022473,1.0,"[{'key': 'station_baseline_deviation', 'label': 'station baseline deviation', 'score': 10.533333333333333}, {'key': 'service_alert_active', 'label': 'service alert context', 'score': 1.0}, {'key': 'rolling_zscore', 'label': 'rolling z-score jump', 'score': 0.7909421447216272}]","[""station baseline deviation"", ""service alert context"", ""rolling z-score jump""]",0.1977355361804068,697.2000000000002,0.0,0.03509372602854717,587.4052432916835
2026-02-05T13:00:00+00:00,2026-02-05T13:02:03+00:00,7,705N,74 St - Broadway,267.2,0,,,,0.0,0.0,0.0,0.0,,309.904422829806,13.0,3.0,0.0,0.0,0.917753259779338,0.8878573173711214,1.0,0.809215844785772,307.2,299.2,300.0,287.2,14.966629547095812,268.0,287.2,306.4,265.6,21.599999999999994,-20.0,-40.0,0.8697916666666666,-0.6666666666666666,0.0533333333333322,-0.4444444444444444,123.0,0.0,0.0,-42.70442282980599,0.024969440852204882,0.0,0.0,0.13779868786596344,0.004622222222222124,"[{'key': 'rolling_zscore', 'label': 'rolling z-score jump', 'score': 0.6666666666666666}]","[""rolling z-score jump""]",0.0,464.80000000000007,0.0,0.0,296.0115970437258
2026-02-05T13:00:00+00:00,2026-02-05T13:05:40+00:00,7,726N,Queensboro Plaza,300.0,0,queens-rain-cascade,Rain-impacted dwell times cascade on the Queens corridor,Representative replay scenario where wet weather and slower boarding inflate headways on the 7 line.,6.2,1.0,0.0,0.0,,318.39369247074205,13.0,3.0,0.0,0.0,0.917753259779338,0.2812118250671879,1.0,0.809215844785772,283.6,275.6,300.0,263.59999999999997,14.966629547095808,244.4,263.6,282.8,243.8,19.80000000000001,36.400000000000034,16.399999999999977,1.0578279266572637,1.2133333333333345,1.8733333333333329,0.8088888888888884,340.0,0.0,0.0,-18.393692470742053,0.5545266955266953,0.0,0.0,0.05777027907810169,0.331965702155547,"[{'key': 'precipitation_mm', 'label': 'weather pressure', 'score': 2.066666666666667}, {'key': 'station_baseline_deviation', 'label': 'station baseline deviation', 'score': 1.8733333333333329}, {'key': 'rolling_zscore', 'label': 'rolling z-score jump', 'score': 1.2133333333333345}]","[""weather pressure"", ""station baseline deviation"", ""rolling z-score jump""]",0.3033333333333336,426.65000000000003,0.0,0.0,272.432073876353
2026-02-05T13:00:00+00:00,2026-02-05T13:02:03+00:00,A,A15N,125 St,267.2,0,,,,0.0,0.0,0.0,0.0,,345.04649977690656,13.0,3.0,0.0,0.0,0.15747241725175526,0.6457366235035427,1.0,0.4486661277283751,307.2,299.2,300.0,289.3333333333333,12.202731934558956,280.32,318.6,775.5,287.2,47.19999999999999,-22.133333333333326,-40.0,0.8697916666666666,-0.7377777777777775,-0.4237288135593221,-0.10380063815178325,123.0,0.0,0.0,-77.84649977690657,0.03609785919392965,0.0,0.0,0.2256116199620603,0.0,"[{'key': 'rolling_zscore', 'label': 'rolling z-score jump', 'score': 0.7377777777777775}, {'key': 'station_baseline_deviation', 'label': 'station baseline deviation', 'score': 0.4237288135593221}]","[""rolling z-score jump"", ""station baseline deviation""]",0.0,814.2750000000001,0.0,0.0511662263716068,309.8453208349945
2026-02-05T13:00:00+00:00,2026-02-05T13:01:45+00:00,A,A27N,59 St - Columbus Circle,231.8,0,,,,0.0,0.0,0.0,0.0,,178.2814446765269,13.0,3.0,0.0,0.0,0.15747241725175526,0.44319569997556807,1.0,0.4486661277283751,271.8,263.8,300.0,251.79999999999998,14.966629547095799,232.60000000000002,251.8,271.0,232.9,18.900000000000006,-19.99999999999997,-40.0,0.8528329654157468,-0.6666666666666657,-0.03666666666666648,-0.4444444444444444,105.0,0.0,0.0,53.51855532347312,0.03400702482825933,0.0,0.0,0.21254390517662083,0.0,"[{'key': 'rolling_zscore', 'label': 'rolling z-score jump', 'score': 0.6666666666666657}]","[""rolling z-score jump""]",0.0,407.575,0.0,0.0,260.6423122926666
2026-02-05T13:00:00+00:00,2026-02-05T13:02:14+00:00,F,F09N,Jay St - MetroTech,290.8,0,,,,0.0,0.0,0.0,0.0,,317.906044913594,13.0,3.0,0.0,0.0,0.7482447342026078,0.8101636941118984,1.0,0.07922392886014551,330.8,322.8,300.0,310.8,14.96662954709567,291.6,310.8,330.0,287.4,23.400000000000006,-20.0,-40.0,0.879081015719468,-0.6666666666666666,0.11333333333333447,-0.4444444444444444,134.0,0.0,0.0,-27.106044913593962,0.025095238095238347,0.0,0.0,0.08526432682637826,0.00982222222222232,"[{'key': 'rolling_zscore', 'label': 'rolling z-score jump', 'score': 0.6666666666666666}]","[""rolling z-score jump""]",0.0,502.94999999999993,0.0,0.0,319.5911202110986
2026-02-05T13:00:00+00:00,2026-02-05T13:09:25+00:00,F,F20N,Bergen St,470.0,1,brooklyn-merge-bunching,Brooklyn merge conflict triggers bunching at Bergen St,Representative replay scenario where merge pressure causes one long gap followed by bunching and stale updates.,0.0,0.0,1.0,0.8,,553.7534867277172,13.0,3.0,0.0,0.0,0.7482447342026078,0.5519179086244809,1.0,0.07922392886014551,640.0,760.0,300.0,541.6666666666666,176.3424698326149,340.6,374.0,685.0,331.0,31.0,-71.66666666666663,-170.0,0.734375,-0.40640616372614585,4.483870967741935,0.2787456445993032,565.0,0.0,0.0,-83.75348672771725,0.6681469749762433,0.0,0.0,0.1512468792253387,0.41734732000231606,"[{'key': 'station_baseline_deviation', 'label': 'station baseline deviation', 'score': 4.483870967741935}, {'key': 'service_alert_active', 'label': 'service alert context', 'score': 1.0}, {'key': 'lag_ratio', 'label': 'headway jump vs previous train', 'score': 0.53125}]","[""station baseline deviation"", ""service alert context"", ""headway jump vs previous train""]",0.0,719.25,0.0,0.20062945002177973,605.8134081395942
2026-02-05T13:05:00+00:00,2026-02-05T13:07:11+00:00,7,705N,74 St - Broadway,275.2,0,,,,0.0,0.0,0.0,0.0,,272.89618143768223,13.0,3.0,0.0,0.0,0.917753259779338,0.8878573173711214,1.0,0.809215844785772,267.2,307.2,300.0,287.2,14.966629547095812,268.0,287.2,306.4,267.2,19.19999999999999,-12.0,8.0,1.029940119760479,-0.4,0.26666666666666666,-0.26666666666666666,131.0,0.0,0.0,2.3038185623177583,0.05904761904761905,0.0,0.0,0.008021652375758212,0.026354624085163,"[{'key': 'rolling_zscore', 'label': 'rolling z-score jump', 'score': 0.4}]","[""rolling z-score jump""]",0.0,467.59999999999997,0.0,0.0,285.9275380784218
2026-02-05T13:05:00+00:00,2026-02-05T13:11:10+00:00,7,726N,Queensboro Plaza,330.0,0,queens-rain-cascade,Rain-impacted dwell times cascade on the Queens corridor,Representative replay scenario where wet weather and slower boarding inflate headways on the 7 line.,6.2,1.0,0.0,0.0,,173.36653352656057,13.0,3.0,0.0,0.0,0.917753259779338,0.2812118250671879,1.0,0.809215844785772,300.0,283.6,300.0,273.0,17.405746177627687,251.6,267.6,283.6,244.0,19.80000000000001,57.0,30.0,1.1,1.9,2.8666666666666667,1.3866666666666663,370.0,0.0,0.0,156.63346647343943,0.8595151515151513,0.40395142361532893,0.0,0.57374896144117,0.5153747474747474,"[{'key': 'station_baseline_deviation', 'label': 'station baseline deviation', 'score': 2.8666666666666667}, {'key': 'precipitation_mm', 'label': 'weather pressure', 'score': 2.066666666666667}, {'key': 'rolling_zscore', 'label': 'rolling z-score jump', 'score': 1.9}]","[""station baseline deviation"", ""weather pressure"", ""rolling z-score jump""]",0.475,427.0,0.0,0.13273445911385587,282.08084801962946
2026-02-05T13:05:00+00:00,2026-02-05T13:07:11+00:00,A,A15N,125 St,275.2,0,,,,0.0,0.0,0.0,0.0,,303.8313838544472,13.0,3.0,0.0,0.0,0.15747241725175526,0.6457366235035427,1.0,0.4486661277283751,267.2,307.2,300.0,287.2,14.966629547097048,275.68,303.2,712.5000000000001,287.2,45.0,-12.0,8.0,1.029940119760479,-0.4,-0.26666666666666666,-0.06409962913785998,131.0,0.0,0.0,-28.631383854447222,0.017587492305427686,0.0,0.0,0.09423445165942208,0.003243512974051886,"[{'key': 'rolling_zscore', 'label': 'rolling z-score jump', 'score': 0.4}]","[""rolling z-score jump""]",0.0,748.1250000000001,0.0,0.0,294.91945854274644
2026-02-05T13:05:00+00:00,2026-02-05T13:06:53+00:00,A,A27N,59 St - Columbus Circle,239.8,0,,,,0.0,0.0,0.0,0.0,,188.48321569668587,13.0,3.0,0.0,0.0,0.15747241725175526,0.44319569997556807,1.0,0.4486661277283751,231.8,271.8,300.0,251.79999999999998,14.966629547095799,232.60000000000002,251.8,271.0,232.9,14.900000000000006,-11.999999999999972,8.0,1.0345125107851596,-0.3999999999999991,0.23000000000000018,-0.26666666666666666,113.0,0.0,0.0,51.31678430331414,0.05092857142857147,0.0,0.0,0.2037997788058544,0.02367218866839231,"[{'key': 'rolling_zscore', 'label': 'rolling z-score jump', 'score': 0.3999999999999991}]","[""rolling z-score jump""]",0.0,407.575,0.0,0.0,250.54750299023328
2026-02-05T13:05:00+00:00,2026-02-05T13:07:22+00:00,F,F09N,Jay St - MetroTech,298.8,0,,,,0.0,0.0,0.0,0.0,,301.50234307967395,13.0,3.0,0.0,0.0,0.7482447342026078,0.8101636941118984,1.0,0.07922392886014551,290.8,330.8,300.0,310.8,14.96662954709567,291.6,310.8,330.0,290.8,22.80000000000001,-12.0,8.0,1.0275103163686383,-0.4,0.26666666666666666,-0.26666666666666666,142.0,0.0,0.0,-2.7023430796739376,0.05904761904761905,0.0,0.0,0.008694797553648447,0.026091395384380264,"[{'key': 'rolling_zscore', 'label': 'rolling z-score jump', 'score': 0.4}]","[""rolling z-score jump""]",0.0,508.90000000000003,0.0,0.0,309.5142281372141
2026-02-05T13:05:00+00:00,2026-02-05T13:12:15+00:00,F,F20N,Bergen St,340.0,0,brooklyn-merge-bunching,Brooklyn merge conflict triggers bunching at Bergen St,Representative replay scenario where merge pressure causes one long gap followed by bunching and stale updates.,0.0,0.0,1.0,0.8,,415.4597591030731,13.0,3.0,0.0,0.0,0.7482447342026078,0.5519179086244809,1.0,0.07922392886014551,470.0,640.0,300.0,563.3333333333334,153.0577233159657,346.8,384.0,685.0,339.0,35.0,-223.33333333333337,-130.0,0.723404255319149,-1.4591444880719528,0.02857142857142857,-0.13010053222945003,435.0,0.0,0.0,-75.45975910307311,0.02530752768310123,0.0,0.0,0.1339522350942126,0.012976190476190474,"[{'key': 'rolling_zscore', 'label': 'rolling z-score jump', 'score': 1.4591444880719528}, {'key': 'service_alert_active', 'label': 'service alert context', 'score': 1.0}, {'key': 'lag_ratio', 'label': 'headway jump vs previous train', 'score': 0.553191489361702}]","[""rolling z-score jump"", ""service alert context"", ""headway jump vs previous train""]",0.0,719.25,0.0,0.38520162989697426,558.2787152907363
2026-02-05T13:10:00+00:00,2026-02-05T13:12:19+00:00,7,705N,74 St - Broadway,283.2,0,,,,0.0,0.0,0.0,0.0,,276.65411529820307,13.0,3.0,0.0,0.0,0.917753259779338,0.8878573173711214,1.0,0.809215844785772,275.2,267.2,300.0,287.2,14.966629547095812,268.0,287.2,306.4,267.2,17.599999999999994,-4.0,8.0,1.0290697674418605,-0.13333333333333333,0.5333333333333333,-0.08888888888888889,139.0,0.0,0.0,6.545884701796922,0.1180952380952381,0.0,0.0,0.02279207765249625,0.04937144702842378,"[{'key': 'station_baseline_deviation', 'label': 'station baseline deviation', 'score': 0.5333333333333333}]","[""station baseline deviation""]",0.0,467.59999999999997,0.0,0.0,282.1728997509741
2026-02-05T13:10:00+00:00,2026-02-05T13:17:40+00:00,7,726N,Queensboro Plaza,420.0,1,queens-rain-cascade,Rain-impacted dwell times cascade on the Queens corridor,Representative replay scenario where wet weather and slower boarding inflate headways on the 7 line.,6.2,1.0,0.0,0.0,,380.9958932634601,13.0,3.0,0.0,0.0,0.917753259779338,0.2812118250671879,1.0,0.809215844785772,330.0,300.0,300.0,286.06666666666666,25.61801449501245,252.4,271.6,298.36,247.8,19.80000000000001,133.93333333333334,90.0,1.2727272727272727,4.464444444444444,5.739999999999999,3.228894691035682,460.0,0.0,0.0,39.00410673653988,1.0,0.0,0.0,0.10237408703397334,1.0,"[{'key': 'station_baseline_deviation', 'label': 'station baseline deviation', 'score': 5.739999999999999}, {'key': 'rolling_zscore', 'label': 'rolling z-score jump', 'score': 4.464444444444444}, {'key': 'precipitation_mm', 'label': 'weather pressure', 'score': 2.066666666666667}]","[""station baseline deviation"", ""rolling z-score jump"", ""weather pressure""]",1.0,433.65000000000003,0.0,0.6751662873128954,298.8525512127591
2026-02-05T13:10:00+00:00,2026-02-05T13:12:19+00:00,A,A15N,125 St,283.2,0,,,,0.0,0.0,0.0,0.0,,295.8303584159322,13.0,3.0,0.0,0.0,0.15747241725175526,0.6457366235035427,1.0,0.4486661277283751,275.2,267.2,300.0,287.2,14.966629547097048,275.2,295.2,500.00000000000006,287.2,41.0,-4.0,8.0,1.0290697674418605,-0.13333333333333333,-0.0975609756097561,-0.05338078291814945,139.0,0.0,0.0,-12.630358415932221,0.009268151285105924,0.0,0.0,0.042694598632687195,0.003149224806201556,[],[],0.0,525.0000000000001,0.0,0.0,288.01764805278515
2026-02-05T13:10:00+00:00,2026-02-05T13:12:01+00:00,A,A27N,59 St - Columbus Circle,247.8,0,,,,0.0,0.0,0.0,0.0,,185.51274779733492,13.0,3.0,0.0,0.0,0.15747241725175526,0.44319569997556807,1.0,0.4486661277283751,239.8,231.8,300.0,251.80000000000004,14.966629547095799,232.60000000000002,251.8,271.0,234.0,14.900000000000006,-4.000000000000028,8.0,1.0333611342785656,-0.13333333333333428,0.46000000000000035,-0.08888888888888889,121.0,0.0,0.0,62.28725220266509,0.10185714285714294,0.0,0.0,0.24736795950224416,0.04348078954684464,"[{'key': 'station_baseline_deviation', 'label': 'station baseline deviation', 'score': 0.46000000000000035}]","[""station baseline deviation""]",0.0,409.5,0.0,0.0,246.78587694365166
2026-02-05T13:10:00+00:00,2026-02-05T13:12:30+00:00,F,F09N,Jay St - MetroTech,306.8,0,,,,0.0,0.0,0.0,0.0,,108.78,13.0,3.0,0.0,0.0,0.7482447342026078,0.8101636941118984,1.0,0.07922392886014551,298.8,290.8,300.0,310.8,14.96662954709567,291.6,310.8,330.0,290.8,19.400000000000006,-4.0,8.0,1.0267737617135206,-0.13333333333333333,0.5333333333333333,-0.08888888888888889,150.0,0.0,0.0,198.02,0.35746785142945725,0.800235756649409,0.0,0.6371299871299871,0.0491227130745203,"[{'key': 'station_baseline_deviation', 'label': 'station baseline deviation', 'score': 0.5333333333333333}]","[""station baseline deviation""]",0.0,508.90000000000003,0.0,0.0,305.7642482891892
2026-02-05T13:10:00+00:00,2026-02-05T13:15:55+00:00,F,F20N,Bergen St,260.0,0,brooklyn-merge-bunching,Brooklyn merge conflict triggers bunching at Bergen St,Representative replay scenario where merge pressure causes one long gap followed by bunching and stale updates.,0.0,0.0,1.0,0.8,,-1.709235224427435e+16,13.0,3.0,0.0,0.0,0.7482447342026078,0.5519179086244809,1.0,0.07922392886014551,340.0,470.0,300.0,555.0,165.2573750245357,341.4,384.0,685.0,340.0,32.0,-295.0,-80.0,0.7647058823529411,-1.7850943109570843,-2.5,-0.3608847497089639,355.0,0.0,0.0,1.709235224427461e+16,0.44231000000000004,1.0,0.0,1.0,0.010499999999999999,"[{'key': 'station_baseline_deviation', 'label': 'station baseline deviation', 'score': 2.5}, {'key': 'rolling_zscore', 'label': 'rolling z-score jump', 'score': 1.7850943109570843}, {'key': 'service_alert_active', 'label': 'service alert context', 'score': 1.0}]","[""station baseline deviation"", ""rolling z-score jump"", ""service alert context""]",0.0,719.25,0.0,0.3472302667450316,481.8811649389786
2026-02-05T13:15:00+00:00,2026-02-05T13:17:27+00:00,7,705N,74 St - Broadway,291.2,0,,,,0.0,0.0,0.0,0.0,,86.75743489704656,13.0,3.0,0.0,0.0,0.917753259779338,0.8878573173711214,1.0,0.809215844785772,283.2,275.2,300.0,287.2,14.966629547095812,268.0,287.2,306.4,271.2,15.199999999999989,4.0,8.0,1.0282485875706215,0.13333333333333333,0.6666666666666666,0.08888888888888889,147.0,0.0,0.0,204.44256510295344,0.3046874434534867,0.529558532727282,0.0,0.7118473715283894,0.07732288991611026,"[{'key': 'station_baseline_deviation', 'label': 'station baseline deviation', 'score': 0.6666666666666666}]","[""station baseline deviation""]",0.03333333333333333,474.59999999999997,0.0,0.0,282.53238483813317
2026-02-05T13:15:00+00:00,2026-02-05T13:25:00+00:00,7,726N,Queensboro Plaza,560.0,1,queens-rain-cascade,Rain-impacted dwell times cascade on the Queens corridor,Representative replay scenario where wet weather and slower boarding inflate headways on the 7 line.,6.2,1.0,0.0,0.0,,110.60835824801035,13.0,3.0,0.0,0.0,0.917753259779338,0.2812118250671879,1.0,0.809215844785772,420.0,330.0,300.0,312.8,56.97550350808671,252.4,275.6,327.0,251.6,19.80000000000001,247.2,140.0,1.3333333333333333,4.33870672094919,10.28,3.812332439678284,600.0,0.0,0.0,449.39164175198965,1.0,1.0,0.0,1.0,1.0,"[{'key': 'station_baseline_deviation', 'label': 'station baseline deviation', 'score': 10.28}, {'key': 'rolling_zscore', 'label': 'rolling z-score jump', 'score': 4.33870672094919}, {'key': 'precipitation_mm', 'label': 'weather pressure', 'score': 2.066666666666667}]","[""station baseline deviation"", ""rolling z-score jump"", ""weather pressure""]",1.0,440.3,0.36248012718600947,0.8237772106677177,341.2541582882934
2026-02-05T13:15:00+00:00,2026-02-05T13:17:27+00:00,A,A15N,125 St,291.2,0,,,,0.0,0.0,0.0,0.0,,94.47078360252935,13.0,3.0,0.0,0.0,0.15747241725175526,0.6457366235035427,1.0,0.4486661277283751,283.2,275.2,300.0,287.2,14.966629547097048,275.2,287.2,402.0,287.2,36.0,4.0,8.0,1.0282485875706215,0.13333333333333333,0.1111111111111111,0.031545741324921134,147.0,0.0,0.0,196.72921639747062,0.2038154017893619,0.2962895766297799,0.0,0.6849903077906359,0.02542137210922968,[],[],0.03333333333333333,502.59999999999997,0.0,0.0,286.33147123431036
2026-02-05T13:15:00+00:00,2026-02-05T13:17:09+00:00,A,A27N,59 St - Columbus Circle,255.8,0,,,,0.0,0.0,0.0,0.0,,75.96238296791306,13.0,3.0,0.0,0.0,0.15747241725175526,0.44319569997556807,1.0,0.4486661277283751,247.8,239.8,300.0,251.80000000000004,14.966629547095799,232.60000000000002,251.8,271.0,236.9,10.900000000000006,3.9999999999999716,8.0,1.0322841000807101,0.1333333333333324,0.6300000000000002,0.08888888888888889,129.0,0.0,0.0,179.83761703208694,0.22149886628409568,0.23707288858751732,0.0,0.7142081693093205,0.0745822926602587,"[{'key': 'station_baseline_deviation', 'label': 'station baseline deviation', 'score': 0.6300000000000002}]","[""station baseline deviation""]",0.0333333333333331,414.575,0.0,0.0,247.14082001337357
2026-02-05T13:15:00+00:00,2026-02-05T13:17:38+00:00,F,F09N,Jay St - MetroTech,314.8,0,,,,0.0,0.0,0.0,0.0,,110.69212409782985,13.0,3.0,0.0,0.0,0.7482447342026078,0.8101636941118984,1.0,0.07922392886014551,306.8,298.8,300.0,310.8,14.96662954709567,291.6,310.8,330.0,294.8,18.80000000000001,4.0,8.0,1.0260756192959584,0.13333333333333333,0.6666666666666666,0.08888888888888889,158.0,0.0,0.0,204.10787590217018,0.23737819637807364,0.3213216039899431,0.0,0.65671774743298,0.07708748501968843,"[{'key': 'station_baseline_deviation', 'label': 'station baseline deviation', 'score': 0.6666666666666666}]","[""station baseline deviation""]",0.03333333333333333,515.9,0.0,0.0,306.126761387973
2026-02-05T13:15:00+00:00,2026-02-05T13:20:25+00:00,F,F20N,Bergen St,230.0,0,brooklyn-merge-bunching,Brooklyn merge conflict triggers bunching at Bergen St,Representative replay scenario where merge pressure causes one long gap followed by bunching and stale updates.,0.0,0.0,1.0,0.8,,181.7415009433129,13.0,3.0,0.0,0.0,0.7482447342026078,0.5519179086244809,1.0,0.07922392886014551,260.0,340.0,300.0,526.6666666666666,201.5605781562126,340.0,384.0,685.0,340.0,32.0,-296.66666666666663,-30.0,0.8846153846153846,-1.471848659000895,-3.4375,-0.4463768115942029,325.0,0.0,0.0,48.2584990566871,0.01697080984000621,0.0,0.0,0.0916300615000388,0.010499999999999999,"[{'key': 'station_baseline_deviation', 'label': 'station baseline deviation', 'score': 3.4375}, {'key': 'rolling_zscore', 'label': 'rolling z-score jump', 'score': 1.471848659000895}, {'key': 'service_alert_active', 'label': 'service alert context', 'score': 1.0}]","[""station baseline deviation"", ""rolling z-score jump"", ""service alert context""]",0.0,719.25,0.0,0.24254696698696548,404.2227572103361
2026-02-05T13:20:00+00:00,2026-02-05T13:22:35+00:00,7,705N,74 St - Broadway,299.2,0,,,,0.0,0.0,0.0,0.0,,100.06637360298157,13.0,3.0,0.0,0.0,0.917753259779338,0.8878573173711214,1.0,0.809215844785772,291.2,283.2,300.0,287.2,14.966629547095812,268.0,287.2,306.4,275.2,16.0,12.0,8.0,1.0274725274725274,0.4,0.8,0.26666666666666666,155.0,0.0,0.0,199.13362639701842,0.253529777557686,0.30565695955459915,0.0,0.6933622089032675,0.12176406926406926,"[{'key': 'station_baseline_deviation', 'label': 'station baseline deviation', 'score': 0.8}, {'key': 'rolling_zscore', 'label': 'rolling z-score jump', 'score': 0.4}]","[""station baseline deviation"", ""rolling z-score jump""]",0.1,481.59999999999997,0.0,0.0,285.5660501447866
2026-02-05T13:20:00+00:00,2026-02-05T13:30:50+00:00,7,726N,Queensboro Plaza,610.0,1,queens-rain-cascade,Rain-impacted dwell times cascade on the Queens corridor,Representative replay scenario where wet weather and slower boarding inflate headways on the 7 line.,6.2,1.0,0.0,0.0,,141.11240587981973,13.0,3.0,0.0,0.0,0.917753259779338,0.2812118250671879,1.0,0.809215844785772,560.0,420.0,300.0,361.53333333333336,110.49544183660548,252.4,279.6,411.00000000000006,255.60000000000002,19.80000000000001,248.46666666666664,50.0,1.0892857142857142,2.24865987715661,11.813333333333333,2.0832282471626726,650.0,0.0,0.0,468.88759412018027,0.9798303336008253,1.0,0.0,1.0,1.0,"[{'key': 'station_baseline_deviation', 'label': 'station baseline deviation', 'score': 11.813333333333333}, {'key': 'rolling_zscore', 'label': 'rolling z-score jump', 'score': 2.24865987715661}, {'key': 'precipitation_mm', 'label': 'weather pressure', 'score': 2.066666666666667}]","[""station baseline deviation"", ""rolling z-score jump"", ""weather pressure""]",0.5621649692891525,447.30000000000007,0.4849839779417242,0.37722515779582483,417.8152028873907
2026-02-05T13:20:00+00:00,2026-02-05T13:22:35+00:00,A,A15N,125 St,299.2,0,,,,0.0,0.0,0.0,0.0,,98.40402153196936,13.0,3.0,0.0,0.0,0.15747241725175526,0.6457366235035427,1.0,0.4486661277283751,291.2,283.2,300.0,287.2,14.966629547097048,275.2,287.2,327.72,291.2,32.0,12.0,8.0,1.0274725274725274,0.4,0.25,0.22848438690022832,155.0,0.0,0.0,200.79597846803063,0.209769962050186,0.25563350133439106,0.0,0.6991503428552599,0.07159819883087208,"[{'key': 'rolling_zscore', 'label': 'rolling z-score jump', 'score': 0.4}]","[""rolling z-score jump""]",0.1,509.59999999999997,0.0,0.0,288.0354563023017
2026-02-05T13:20:00+00:00,2026-02-05T13:22:17+00:00,A,A27N,59 St - Columbus Circle,263.8,0,,,,0.0,0.0,0.0,0.0,,80.305051990054,13.0,3.0,0.0,0.0,0.15747241725175526,0.44319569997556807,1.0,0.4486661277283751,255.8,247.8,300.0,251.79999999999998,14.966629547095799,232.60000000000002,251.8,271.0,239.8,13.800000000000011,12.000000000000028,8.0,1.0312744331508992,0.40000000000000097,0.8,0.26666666666666666,137.0,0.0,0.0,183.49494800994603,0.23054812889364856,0.20222950214825006,0.0,0.728732915051414,0.12217594237922628,"[{'key': 'station_baseline_deviation', 'label': 'station baseline deviation', 'score': 0.8}, {'key': 'rolling_zscore', 'label': 'rolling z-score jump', 'score': 0.40000000000000097}]","[""station baseline deviation"", ""rolling z-score jump""]",0.10000000000000024,419.65000000000003,0.0,0.0,250.17153300869282
2026-02-05T13:20:00+00:00,2026-02-05T13:22:46+00:00,F,F09N,Jay St - MetroTech,322.8,0,,,,0.0,0.0,0.0,0.0,,113.79693235603816,13.0,3.0,0.0,0.0,0.7482447342026078,0.8101636941118984,1.0,0.07922392886014551,314.8,306.8,300.0,310.8,14.96662954709567,291.6,310.8,330.0,298.8,16.0,12.0,8.0,1.0254129606099112,0.4,0.8,0.26666666666666666,166.0,0.0,0.0,209.00306764396186,0.2416638940628452,0.27583497193674056,0.0,0.6724680426124898,0.12154094952061917,"[{'key': 'station_baseline_deviation', 'label': 'station baseline deviation', 'score': 0.8}, {'key': 'rolling_zscore', 'label': 'rolling z-score jump', 'score': 0.4}]","[""station baseline deviation"", ""rolling z-score jump""]",0.1,522.9,0.0,0.0,309.1623949021824
2026-02-05T13:20:00+00:00,2026-02-05T13:23:10+00:00,F,F20N,Bergen St,370.0,0,,,,0.0,0.0,0.0,0.0,,162.25644927913928,13.0,3.0,0.0,0.0,0.7482447342026078,0.5519179086244809,1.0,0.07922392886014551,230.0,260.0,300.0,450.0,214.10277905716217,268.0,384.0,685.0,340.0,35.0,-80.0,140.0,1.608695652173913,-0.3736523194714872,0.8571428571428571,-0.03357314148681055,190.0,0.0,0.0,207.74355072086072,0.24768152994268045,0.2708323885892085,0.0,0.46165233493524604,0.14022774327122156,"[{'key': 'lag_ratio', 'label': 'headway jump vs previous train', 'score': 1.2173913043478262}, {'key': 'station_baseline_deviation', 'label': 'station baseline deviation', 'score': 0.8571428571428571}, {'key': 'rolling_zscore', 'label': 'rolling z-score jump', 'score': 0.3736523194714872}]","[""headway jump vs previous train"", ""station baseline deviation"", ""rolling z-score jump""]",0.0,719.25,0.0,0.0,343.2447921867185
2026-02-05T13:25:00+00:00,2026-02-05T13:27:43+00:00,7,705N,74 St - Broadway,307.2,0,,,,0.0,0.0,0.0,0.0,,106.1356139121978,13.0,3.0,0.0,0.0,0.917753259779338,0.8878573173711214,1.0,0.809215844785772,299.2,291.2,300.0,287.2,14.966629547095812,268.0,287.2,306.4,275.2,16.0,20.0,8.0,1.0267379679144386,0.6666666666666666,1.0666666666666667,0.4444444444444444,163.0,0.0,0.0,201.06438608780218,0.312958152958153,0.250776951560219,0.0,0.70008490977647,0.1777653000594177,"[{'key': 'station_baseline_deviation', 'label': 'station baseline deviation', 'score': 1.0666666666666667}, {'key': 'rolling_zscore', 'label': 'rolling z-score jump', 'score': 0.6666666666666666}]","[""station baseline deviation"", ""rolling z-score jump""]",0.16666666666666666,481.59999999999997,0.0,0.0,290.33793259411124
2026-02-05T13:25:00+00:00,2026-02-05T13:36:35+00:00,7,726N,Queensboro Plaza,655.0,1,queens-rain-cascade,Rain-impacted dwell times cascade on the Queens corridor,Representative replay scenario where wet weather and slower boarding inflate headways on the 7 line.,6.2,1.0,0.0,0.0,,174.11305602471006,13.0,3.0,0.0,0.0,0.917753259779338,0.2812118250671879,1.0,0.809215844785772,610.0,560.0,300.0,417.26666666666665,139.11156194460136,252.4,283.6,546.0,259.6,19.800000000000026,237.73333333333335,45.0,1.0737704918032787,1.708940148540682,13.18,1.264986376021798,695.0,0.0,0.0,480.8869439752899,0.8384976467674015,1.0,0.0,1.0,1.0,"[{'key': 'station_baseline_deviation', 'label': 'station baseline deviation', 'score': 13.18}, {'key': 'precipitation_mm', 'label': 'weather pressure', 'score': 2.066666666666667}, {'key': 'rolling_zscore', 'label': 'rolling z-score jump', 'score': 1.708940148540682}]","[""station baseline deviation"", ""weather pressure"", ""rolling z-score jump""]",0.4272350371351705,573.3000000000001,0.19001104715390413,0.2877178368343903,485.07988187680394
2026-02-05T13:25:00+00:00,2026-02-05T13:27:43+00:00,A,A15N,125 St,307.2,0,,,,0.0,0.0,0.0,0.0,,102.16500357436819,13.0,3.0,0.0,0.0,0.15747241725175526,0.6457366235035427,1.0,0.4486661277283751,299.2,291.2,300.0,287.2,14.966629547097048,275.2,287.2,306.4,295.2,29.599999999999994,20.0,8.0,1.0267379679144386,0.6666666666666666,0.4,0.4444444444444444,163.0,0.0,0.0,205.0349964256318,0.22606399782480424,0.24839687790216872,0.0,0.7139101546853475,0.11998752228163993,"[{'key': 'rolling_zscore', 'label': 'rolling z-score jump', 'score': 0.6666666666666666}, {'key': 'station_baseline_deviation', 'label': 'station baseline deviation', 'score': 0.4}]","[""rolling z-score jump"", ""station baseline deviation""]",0.16666666666666666,516.6,0.0,0.0,291.9430465964961
2026-02-05T13:25:00+00:00,2026-02-05T13:27:25+00:00,A,A27N,59 St - Columbus Circle,271.8,0,,,,0.0,0.0,0.0,0.0,,85.08866747379763,13.0,3.0,0.0,0.0,0.15747241725175526,0.44319569997556807,1.0,0.4486661277283751,263.8,255.8,300.0,251.79999999999998,14.966629547095799,232.60000000000002,251.8,271.0,239.8,14.900000000000006,20.00000000000003,8.0,1.0303260045489007,0.6666666666666676,1.0666666666666667,0.4444444444444444,145.0,0.0,0.0,186.7113325262024,0.312958152958153,0.19586206216782198,0.0,0.7415064834241557,0.17815400402815118,"[{'key': 'station_baseline_deviation', 'label': 'station baseline deviation', 'score': 1.0666666666666667}, {'key': 'rolling_zscore', 'label': 'rolling z-score jump', 'score': 0.6666666666666676}]","[""station baseline deviation"", ""rolling z-score jump""]",0.1666666666666669,419.65000000000003,0.0,0.0,254.94149645565034
2026-02-05T13:25:00+00:00,2026-02-05T13:27:54+00:00,F,F09N,Jay St - MetroTech,330.8,0,,,,0.0,0.0,0.0,0.0,,117.0667801636566,13.0,3.0,0.0,0.0,0.7482447342026078,0.8101636941118984,1.0,0.07922392886014551,322.8,314.8,300.0,310.8,14.96662954709567,291.6,310.8,330.0,298.8,16.0,20.0,8.0,1.0247831474597273,0.6666666666666666,1.0666666666666667,0.4444444444444444,174.0,0.0,0.0,213.7332198363434,0.312958152958153,0.2718475179949679,0.0,0.6876873225107574,0.17755352784349065,"[{'key': 'station_baseline_deviation', 'label': 'station baseline deviation', 'score': 1.0666666666666667}, {'key': 'rolling_zscore', 'label': 'rolling z-score jump', 'score': 0.6666666666666666}]","[""station baseline deviation"", ""rolling z-score jump""]",0.16666666666666666,522.9,0.0,0.0,313.9355566864186
2026-02-05T13:25:00+00:00,2026-02-05T13:28:18+00:00,F,F20N,Bergen St,378.0,0,,,,0.0,0.0,0.0,0.0,,150.40372681078463,13.0,3.0,0.0,0.0,0.7482447342026078,0.5519179086244809,1.0,0.07922392886014551,370.0,230.0,300.0,385.0,151.09599597606808,268.0,384.0,685.0,343.0,35.0,-7.0,8.0,1.0216216216216216,-0.04632816346178175,1.0,-0.014388489208633094,198.0,0.0,0.0,227.59627318921537,0.23819583312189416,0.3107742998064217,0.0,0.5911591511408192,0.08900900900900902,"[{'key': 'station_baseline_deviation', 'label': 'station baseline deviation', 'score': 1.0}]","[""station baseline deviation""]",0.0,719.25,0.0,0.0,352.609114921367
2026-02-05T13:30:00+00:00,2026-02-05T13:32:03+00:00,7,705N,74 St - Broadway,267.2,0,,,,0.0,0.0,0.0,0.0,,103.56653441376999,13.0,3.0,0.0,0.0,0.917753259779338,0.8878573173711214,1.0,0.809215844785772,307.2,299.2,300.0,287.2,14.966629547095812,268.0,287.2,306.4,279.2,13.599999999999994,-20.0,-40.0,0.8697916666666666,-0.6666666666666666,-0.4,-0.4444444444444444,123.0,0.0,0.0,163.63346558623,0.1274959323147082,0.1297686687597916,0.0,0.569754406637291,0.0,"[{'key': 'rolling_zscore', 'label': 'rolling z-score jump', 'score': 0.6666666666666666}, {'key': 'station_baseline_deviation', 'label': 'station baseline deviation', 'score': 0.4}]","[""rolling z-score jump"", ""station baseline deviation""]",0.0,488.59999999999997,0.0,0.0,296.2396561861723
2026-02-05T13:30:00+00:00,2026-02-05T13:40:30+00:00,7,726N,Queensboro Plaza,590.0,1,queens-rain-cascade,Rain-impacted dwell times cascade on the Queens corridor,Representative replay scenario where wet weather and slower boarding inflate headways on the 7 line.,6.2,1.0,0.0,0.0,,204.58729391460665,13.0,3.0,0.0,0.0,0.917753259779338,0.2812118250671879,1.0,0.809215844785772,655.0,610.0,300.0,479.1666666666667,149.94721293397438,252.4,291.8,605.0,263.6,20.00000000000003,110.83333333333331,-65.0,0.9007633587786259,0.7391490056046329,10.879999999999999,0.8457175269427112,630.0,0.0,0.0,385.4127060853933,0.7660784819264683,0.757016272134857,0.0,0.8043395605260382,1.0,"[{'key': 'station_baseline_deviation', 'label': 'station baseline deviation', 'score': 10.879999999999999}, {'key': 'precipitation_mm', 'label': 'weather pressure', 'score': 2.066666666666667}, {'key': 'rolling_zscore', 'label': 'rolling z-score jump', 'score': 0.7391490056046329}]","[""station baseline deviation"", ""weather pressure"", ""rolling z-score jump""]",0.18478725140115823,635.25,0.0,0.03123068240203429,544.5519232199225
2026-02-05T13:30:00+00:00,2026-02-05T13:32:03+00:00,A,A15N,125 St,267.2,0,,,,0.0,0.0,0.0,0.0,,102.90929393346728,13.0,3.0,0.0,0.0,0.15747241725175526,0.6457366235035427,1.0,0.4486661277283751,307.2,299.2,300.0,287.2,14.966629547097048,275.2,287.2,306.4,299.2,27.400000000000006,-20.0,-40.0,0.8697916666666666,-0.6666666666666666,-1.0666666666666667,-0.4444444444444444,123.0,0.0,0.0,164.29070606653272,0.12819752795837908,0.1309666864678824,0.0,0.572042848421075,0.0,"[{'key': 'station_baseline_deviation', 'label': 'station baseline deviation', 'score': 1.0666666666666667}, {'key': 'rolling_zscore', 'label': 'rolling z-score jump', 'score': 0.6666666666666666}]","[""station baseline deviation"", ""rolling z-score jump""]",0.0,523.6,0.0,0.0006146687979442807,297.28298028772247
2026-02-05T13:30:00+00:00,2026-02-05T13:31:45+00:00,A,A27N,59 St - Columbus Circle,231.8,0,,,,0.0,0.0,0.0,0.0,,88.47622261587247,13.0,3.0,0.0,0.0,0.15747241725175526,0.44319569997556807,1.0,0.4486661277283751,271.8,263.8,300.0,251.80000000000004,14.966629547095799,232.60000000000002,251.8,271.0,243.8,12.0,-20.00000000000003,-40.0,0.8528329654157468,-0.6666666666666676,-0.4,-0.4444444444444444,105.0,0.0,0.0,143.32377738412754,0.11099605635807448,0.07115912018470939,0.0,0.569196891914724,0.0,"[{'key': 'rolling_zscore', 'label': 'rolling z-score jump', 'score': 0.6666666666666676}, {'key': 'station_baseline_deviation', 'label': 'station baseline deviation', 'score': 0.4}]","[""rolling z-score jump"", ""station baseline deviation""]",0.0,426.65000000000003,0.0,0.0,260.8419726961727
2026-02-05T13:30:00+00:00,2026-02-05T13:32:14+00:00,F,F09N,Jay St - MetroTech,290.8,0,,,,0.0,0.0,0.0,0.0,,123.69592203146382,13.0,3.0,0.0,0.0,0.7482447342026078,0.8101636941118984,1.0,0.07922392886014551,330.8,322.8,300.0,310.8,14.96662954709567,291.6,310.8,330.0,302.8,15.400000000000006,-20.0,-40.0,0.879081015719468,-0.6666666666666666,-0.4,-0.4444444444444444,134.0,0.0,0.0,167.1040779685362,0.1248180611594839,0.13854569927148605,0.0,0.5376579085216737,0.0,"[{'key': 'rolling_zscore', 'label': 'rolling z-score jump', 'score': 0.6666666666666666}, {'key': 'station_baseline_deviation', 'label': 'station baseline deviation', 'score': 0.4}]","[""rolling z-score jump"", ""station baseline deviation""]",0.0,529.9,0.0,0.0,319.83811184617207
2026-02-05T13:30:00+00:00,2026-02-05T13:32:38+00:00,F,F20N,Bergen St,338.0,0,,,,0.0,0.0,0.0,0.0,,150.9069373088448,13.0,3.0,0.0,0.0,0.7482447342026078,0.5519179086244809,1.0,0.07922392886014551,378.0,370.0,300.0,341.3333333333333,86.87155268939678,268.0,384.0,685.0,350.0,37.0,-3.3333333333333144,-40.0,0.8941798941798942,-0.03837082715962747,-0.32432432432432434,-0.11031175059952038,158.0,0.0,0.0,187.0930626911552,0.14236516817966363,0.1952331965828022,0.0,0.5481242071029938,0.0,"[{'key': 'station_baseline_deviation', 'label': 'station baseline deviation', 'score': 0.32432432432432434}]","[""station baseline deviation""]",0.0,719.25,0.0,0.0,361.49592469888853
2026-02-05T13:35:00+00:00,2026-02-05T13:37:11+00:00,7,705N,74 St - Broadway,275.2,0,,,,0.0,0.0,0.0,0.0,,112.56514088240326,13.0,3.0,0.0,0.0,0.917753259779338,0.8878573173711214,1.0,0.809215844785772,267.2,307.2,300.0,287.2,14.966629547095812,268.0,287.2,306.4,279.2,12.0,-12.0,8.0,1.029940119760479,-0.4,-0.13333333333333333,-0.26666666666666666,131.0,0.0,0.0,162.63485911759673,0.1283107182592067,0.1257012852885448,0.0,0.5662773646155875,0.003243512974051886,"[{'key': 'rolling_zscore', 'label': 'rolling z-score jump', 'score': 0.4}]","[""rolling z-score jump""]",0.0,488.59999999999997,0.0,0.0,286.07577652101196
2026-02-05T13:35:00+00:00,2026-02-05T13:43:30+00:00,7,726N,Queensboro Plaza,470.0,1,queens-rain-cascade,Rain-impacted dwell times cascade on the Queens corridor,Representative replay scenario where wet weather and slower boarding inflate headways on the 7 line.,6.2,1.0,0.0,0.0,,237.71645639011817,13.0,3.0,0.0,0.0,0.917753259779338,0.2812118250671879,1.0,0.809215844785772,590.0,655.0,300.0,527.5,125.36945401492333,260.40000000000003,315.0,608.0,267.6,24.00000000000003,-57.5,-120.0,0.7966101694915254,-0.4586444158331861,6.746666666666666,0.4459148446490219,510.0,0.0,0.0,232.28354360988183,0.697021654984831,0.32333123137947944,0.0,0.44034794997133997,0.6272315979123804,"[{'key': 'station_baseline_deviation', 'label': 'station baseline deviation', 'score': 6.746666666666666}, {'key': 'precipitation_mm', 'label': 'weather pressure', 'score': 2.066666666666667}, {'key': 'rolling_zscore', 'label': 'rolling z-score jump', 'score': 0.4586444158331861}]","[""station baseline deviation"", ""weather pressure"", ""rolling z-score jump""]",0.0,638.4,0.0,0.14859448727967128,560.4587500929497
2026-02-05T13:35:00+00:00,2026-02-05T13:37:11+00:00,A,A15N,125 St,275.2,0,,,,0.0,0.0,0.0,0.0,,108.44983908827271,13.0,3.0,0.0,0.0,0.15747241725175526,0.6457366235035427,1.0,0.4486661277283751,267.2,307.2,300.0,287.2,14.966629547097048,268.0,287.2,306.4,299.2,27.400000000000006,-12.0,8.0,1.029940119760479,-0.4,-0.8,-0.26666666666666666,131.0,0.0,0.0,166.75016091172728,0.13345937946822134,0.13590133518120445,0.0,0.5806064098597746,0.003243512974051886,"[{'key': 'station_baseline_deviation', 'label': 'station baseline deviation', 'score': 0.8}, {'key': 'rolling_zscore', 'label': 'rolling z-score jump', 'score': 0.4}]","[""station baseline deviation"", ""rolling z-score jump""]",0.0,523.6,0.0,0.0,286.75393718701963
2026-02-05T13:35:00+00:00,2026-02-05T13:36:53+00:00,A,A27N,59 St - Columbus Circle,239.8,0,,,,0.0,0.0,0.0,0.0,,90.40768511681931,13.0,3.0,0.0,0.0,0.15747241725175526,0.44319569997556807,1.0,0.4486661277283751,231.8,271.8,300.0,251.80000000000004,14.966629547095799,232.60000000000002,251.8,271.0,243.8,12.0,-12.000000000000028,8.0,1.0345125107851596,-0.40000000000000097,-0.13333333333333333,-0.26666666666666666,113.0,0.0,0.0,149.3923148831807,0.12164376882213919,0.08508166862905123,0.0,0.5932975174073895,0.0037388553350589573,"[{'key': 'rolling_zscore', 'label': 'rolling z-score jump', 'score': 0.40000000000000097}]","[""rolling z-score jump""]",0.0,426.65000000000003,0.0,0.0,250.67728225251227
2026-02-05T13:35:00+00:00,2026-02-05T13:37:22+00:00,F,F09N,Jay St - MetroTech,298.8,0,,,,0.0,0.0,0.0,0.0,,125.0417637827121,13.0,3.0,0.0,0.0,0.7482447342026078,0.8101636941118984,1.0,0.07922392886014551,290.8,330.8,300.0,310.8,14.96662954709567,291.6,310.8,330.0,302.8,12.0,-12.0,8.0,1.0275103163686383,-0.4,-0.13333333333333333,-0.26666666666666666,142.0,0.0,0.0,173.7582362172879,0.1350368316110829,0.15457043083341485,0.0,0.5590676840968078,0.0029802842732691514,"[{'key': 'rolling_zscore', 'label': 'rolling z-score jump', 'score': 0.4}]","[""rolling z-score jump""]",0.0,529.9,0.0,0.0,309.6747727000119
2026-02-05T13:35:00+00:00,2026-02-05T13:37:46+00:00,F,F20N,Bergen St,346.0,0,,,,0.0,0.0,0.0,0.0,,144.5651420390451,13.0,3.0,0.0,0.0,0.7482447342026078,0.5519179086244809,1.0,0.07922392886014551,338.0,378.0,300.0,319.3333333333333,60.47368573740678,267.8,384.0,685.0,350.0,31.0,26.666666666666686,8.0,1.0236686390532543,0.4409631452341208,-0.12903225806451613,-0.09108341323106424,166.0,0.0,0.0,201.4348579609549,0.1760686123839377,0.2335562325313122,0.0,0.6307980938234496,0.03784115418283222,"[{'key': 'rolling_zscore', 'label': 'rolling z-score jump', 'score': 0.4409631452341208}]","[""rolling z-score jump""]",0.1102407863085302,719.25,0.0,0.0,353.2723510542775
2026-02-05T13:40:00+00:00,2026-02-05T13:42:19+00:00,7,705N,74 St - Broadway,283.2,0,,,,0.0,0.0,0.0,0.0,,117.456620850769,13.0,3.0,0.0,0.0,0.917753259779338,0.8878573173711214,1.0,0.809215844785772,275.2,267.2,300.0,287.2,14.966629547095812,268.0,287.2,306.4,279.2,12.0,-4.0,8.0,1.0290697674418605,-0.13333333333333333,0.13333333333333333,-0.08888888888888889,139.0,0.0,0.0,165.74337914923098,0.13875474898342677,0.13099093615211846,0.0,0.5771009023301914,0.014704780361757113,[],[],0.0,488.59999999999997,0.0,0.0,282.26925473865776
2026-02-05T13:40:00+00:00,2026-02-05T13:46:40+00:00,7,726N,Queensboro Plaza,360.0,0,queens-rain-cascade,Rain-impacted dwell times cascade on the Queens corridor,Representative replay scenario where wet weather and slower boarding inflate headways on the 7 line.,6.2,1.0,0.0,0.0,,252.73483698398596,13.0,3.0,0.0,0.0,0.917753259779338,0.2812118250671879,1.0,0.809215844785772,470.0,590.0,300.0,550.8333333333334,89.01778848447448,268.40000000000003,375.0,608.0,271.6,28.00000000000003,-190.83333333333337,-110.0,0.7659574468085106,-2.143766280675648,2.946666666666666,-0.044169611307420496,400.0,0.0,0.0,107.26516301601404,0.62,0.0,0.0,0.19473251984752926,0.268711111111111,"[{'key': 'station_baseline_deviation', 'label': 'station baseline deviation', 'score': 2.946666666666666}, {'key': 'rolling_zscore', 'label': 'rolling z-score jump', 'score': 2.143766280675648}, {'key': 'precipitation_mm', 'label': 'weather pressure', 'score': 2.066666666666667}]","[""station baseline deviation"", ""rolling z-score jump"", ""weather pressure""]",0.0,638.4,0.0,0.38004906081857776,528.7981875604173
2026-02-05T13:40:00+00:00,2026-02-05T13:42:19+00:00,A,A15N,125 St,283.2,0,,,,0.0,0.0,0.0,0.0,,112.28855464648885,13.0,3.0,0.0,0.0,0.15747241725175526,0.6457366235035427,1.0,0.4486661277283751,275.2,267.2,300.0,287.2,14.966629547097048,268.0,287.2,306.4,299.2,24.0,-4.0,8.0,1.0290697674418605,-0.13333333333333333,-0.5333333333333333,-0.08888888888888889,139.0,0.0,0.0,170.91144535351114,0.13849125159333903,0.14585337928188413,0.0,0.5950955618158467,0.003149224806201556,"[{'key': 'station_baseline_deviation', 'label': 'station baseline deviation', 'score': 0.5333333333333333}]","[""station baseline deviation""]",0.0,523.6,0.0,0.0,282.71005917156276
2026-02-05T13:40:00+00:00,2026-02-05T13:42:01+00:00,A,A27N,59 St - Columbus Circle,247.8,0,,,,0.0,0.0,0.0,0.0,,93.72347076081122,13.0,3.0,0.0,0.0,0.15747241725175526,0.44319569997556807,1.0,0.4486661277283751,239.8,231.8,300.0,251.79999999999998,14.966629547095799,232.60000000000002,251.8,271.0,243.8,12.0,-3.9999999999999716,8.0,1.0333611342785656,-0.1333333333333324,0.13333333333333333,-0.08888888888888889,121.0,0.0,0.0,154.0765292391888,0.1351502575405312,0.09694745018837894,0.0,0.6119004338331565,0.015169678435733493,[],[],0.0,426.65000000000003,0.0,0.0,246.87023346413298
2026-02-05T13:40:00+00:00,2026-02-05T13:42:30+00:00,F,F09N,Jay St - MetroTech,306.8,0,,,,0.0,0.0,0.0,0.0,,129.6488289446538,13.0,3.0,0.0,0.0,0.7482447342026078,0.8101636941118984,1.0,0.07922392886014551,298.8,290.8,300.0,310.8,14.96662954709567,291.6,310.8,330.0,302.8,12.0,-4.0,8.0,1.0267737617135206,-0.13333333333333333,0.13333333333333333,-0.08888888888888889,150.0,0.0,0.0,177.15117105534623,0.14615010768531725,0.1621569034073826,0.0,0.5699844628550393,0.014456046407853626,[],[],0.0,529.9,0.0,0.0,305.8686022550077
2026-02-05T13:40:00+00:00,2026-02-05T13:42:54+00:00,F,F20N,Bergen St,354.0,0,,,,0.0,0.0,0.0,0.0,,149.34721512544252,13.0,3.0,0.0,0.0,0.7482447342026078,0.5519179086244809,1.0,0.07922392886014551,346.0,338.0,300.0,320.3333333333333,60.931655702652925,267.8,374.0,685.0,350.0,28.0,33.666666666666686,8.0,1.023121387283237,0.5525316238075058,0.13333333333333333,-0.04793863854266539,174.0,0.0,0.0,204.65278487455748,0.18845840047667392,0.2402552163765319,0.0,0.6388744585053824,0.05826290241584003,"[{'key': 'rolling_zscore', 'label': 'rolling z-score jump', 'score': 0.5525316238075058}]","[""rolling z-score jump""]",0.13813290595187644,719.25,0.0,0.0,350.7270281852804
2026-02-05T13:45:00+00:00,2026-02-05T13:47:27+00:00,7,705N,74 St - Broadway,291.2,0,,,,0.0,0.0,0.0,0.0,,122.98507179239546,13.0,3.0,0.0,0.0,0.917753259779338,0.8878573173711214,1.0,0.809215844785772,283.2,275.2,300.0,287.2,14.966629547095812,268.0,287.2,306.4,283.2,16.0,4.0,8.0,1.0282485875706215,0.13333333333333333,0.26666666666666666,0.08888888888888889,147.0,0.0,0.0,168.21492820760454,0.15213160148769964,0.13505519881618977,0.0,0.5857065745390131,0.042656223249443605,[],[],0.03333333333333333,495.59999999999997,0.0,0.0,282.59501558012755
2026-02-05T13:45:00+00:00,2026-02-05T13:50:40+00:00,7,726N,Queensboro Plaza,300.0,0,queens-rain-cascade,Rain-impacted dwell times cascade on the Queens corridor,Representative replay scenario where wet weather and slower boarding inflate headways on the 7 line.,6.2,1.0,0.0,0.0,,246.61121721710768,13.0,3.0,0.0,0.0,0.917753259779338,0.2812118250671879,1.0,0.809215844785772,360.0,470.0,300.0,540.8333333333334,108.00077160218181,276.40000000000003,390.0,608.0,275.6,31.800000000000026,-240.83333333333337,-60.0,0.8333333333333334,-2.229922340003616,0.7672955974842754,-0.27141133896260555,340.0,0.0,0.0,53.38878278289232,0.1699011680143753,0.0,0.0,0.09871577710242031,0.07983228511530388,"[{'key': 'rolling_zscore', 'label': 'rolling z-score jump', 'score': 2.229922340003616}, {'key': 'precipitation_mm', 'label': 'weather pressure', 'score': 2.066666666666667}, {'key': 'station_baseline_deviation', 'label': 'station baseline deviation', 'score': 0.7672955974842754}]","[""rolling z-score jump"", ""weather pressure"", ""station baseline deviation""]",0.0,638.4,0.0,0.33261774390970056,469.71882191427125
2026-02-05T13:45:00+00:00,2026-02-05T13:47:27+00:00,A,A15N,125 St,291.2,0,,,,0.0,0.0,0.0,0.0,,116.91488768799623,13.0,3.0,0.0,0.0,0.15747241725175526,0.6457366235035427,1.0,0.4486661277283751,283.2,275.2,300.0,287.2,14.966629547097048,268.0,287.2,306.4,299.2,24.0,4.0,8.0,1.0282485875706215,0.13333333333333333,-0.26666666666666666,0.08888888888888889,147.0,0.0,0.0,174.28511231200378,0.1458180682108815,0.15260163641413663,0.0,0.60684231306408,0.019545112138332484,[],[],0.03333333333333333,523.6,0.0,0.0,282.8815384615158
2026-02-05T13:45:00+00:00,2026-02-05T13:47:09+00:00,A,A27N,59 St - Columbus Circle,255.8,0,,,,0.0,0.0,0.0,0.0,,97.7094984772736,13.0,3.0,0.0,0.0,0.15747241725175526,0.44319569997556807,1.0,0.4486661277283751,247.8,239.8,300.0,251.79999999999998,14.966629547095799,232.60000000000002,251.8,271.0,247.8,14.900000000000006,4.000000000000028,8.0,1.0322841000807101,0.13333333333333428,0.26666666666666666,0.08888888888888889,129.0,0.0,0.0,158.0905015227264,0.15090311378316146,0.10538236397268819,0.0,0.6278415469528452,0.04309340377136994,[],[],0.03333333333333357,433.65000000000003,0.0,0.0,247.19565175168646
2026-02-05T13:45:00+00:00,2026-02-05T13:47:38+00:00,F,F09N,Jay St - MetroTech,314.8,0,,,,0.0,0.0,0.0,0.0,,134.01399973382817,13.0,3.0,0.0,0.0,0.7482447342026078,0.8101636941118984,1.0,0.07922392886014551,306.8,298.8,300.0,310.8,14.96662954709567,291.6,310.8,330.0,306.8,16.0,4.0,8.0,1.0260756192959584,0.13333333333333333,0.26666666666666666,0.08888888888888889,158.0,0.0,0.0,180.78600026617184,0.1612950687840596,0.17073362878241619,0.0,0.5816795375359454,0.04242081835302176,[],[],0.03333333333333333,536.9,0.0,0.0,306.194591465755
2026-02-05T13:45:00+00:00,2026-02-05T13:48:02+00:00,F,F20N,Bergen St,362.0,0,,,,0.0,0.0,0.0,0.0,,162.4538020151857,13.0,3.0,0.0,0.0,0.7482447342026078,0.5519179086244809,1.0,0.07922392886014551,354.0,346.0,300.0,336.0,54.007406899424204,267.8,362.0,685.0,354.0,24.0,26.0,8.0,1.0225988700564972,0.4814154482258099,0.26666666666666666,0.0,182.0,0.0,0.0,199.5461979848143,0.18294939624047832,0.22482747405949757,0.0,0.5938874940024236,0.0640725578919631,"[{'key': 'rolling_zscore', 'label': 'rolling z-score jump', 'score': 0.4814154482258099}]","[""rolling z-score jump""]",0.12035386205645247,719.25,0.0,0.0,351.87256832043226
2026-02-05T13:50:00+00:00,2026-02-05T13:52:35+00:00,7,705N,74 St - Broadway,299.2,0,,,,0.0,0.0,0.0,0.0,,125.38400911896247,13.0,3.0,0.0,0.0,0.917753259779338,0.8878573173711214,1.0,0.809215844785772,291.2,283.2,300.0,287.2,14.966629547095812,268.0,287.2,306.4,283.2,12.0,12.0,8.0,1.0274725274725274,0.4,0.5333333333333333,0.26666666666666666,155.0,0.0,0.0,173.81599088103752,0.18121793961543126,0.1499460607934559,0.0,0.605208881897763,0.09865295815295816,"[{'key': 'station_baseline_deviation', 'label': 'station baseline deviation', 'score': 0.5333333333333333}, {'key': 'rolling_zscore', 'label': 'rolling z-score jump', 'score': 0.4}]","[""station baseline deviation"", ""rolling z-score jump""]",0.1,495.59999999999997,0.0,0.0,285.6067601270829
2026-02-05T13:50:00+00:00,2026-02-05T13:55:10+00:00,7,726N,Queensboro Plaza,270.0,0,queens-rain-cascade,Rain-impacted dwell times cascade on the Queens corridor,Representative replay scenario where wet weather and slower boarding inflate headways on the 7 line.,6.2,1.0,0.0,0.0,,225.75789543695018,13.0,3.0,0.0,0.0,0.917753259779338,0.2812118250671879,1.0,0.809215844785772,300.0,360.0,300.0,497.5,144.6979612848778,285.24,390.0,608.0,279.6,31.800000000000026,-227.5,-30.0,0.9,-1.5722405345580754,-0.3018867924528307,-0.37179328293468833,310.0,0.0,0.0,44.24210456304982,0.017161949876223728,0.0,0.0,0.08892885339306497,0.013333333333333332,"[{'key': 'precipitation_mm', 'label': 'weather pressure', 'score': 2.066666666666667}, {'key': 'rolling_zscore', 'label': 'rolling z-score jump', 'score': 1.5722405345580754}, {'key': 'station_baseline_deviation', 'label': 'station baseline deviation', 'score': 0.3018867924528307}]","[""weather pressure"", ""rolling z-score jump"", ""station baseline deviation""]",0.0,638.4,0.0,0.24339730246764463,410.31723424427634
2026-02-05T13:50:00+00:00,2026-02-05T13:52:35+00:00,A,A15N,125 St,299.2,0,,,,0.0,0.0,0.0,0.0,,119.24570257975495,13.0,3.0,0.0,0.0,0.15747241725175526,0.6457366235035427,1.0,0.4486661277283751,291.2,283.2,300.0,287.2,14.966629547097048,268.0,287.2,306.4,295.2,20.0,12.0,8.0,1.0274725274725274,0.4,0.13333333333333333,0.26666666666666666,155.0,0.0,0.0,179.95429742024504,0.1677393338196914,0.16785358142012372,0.0,0.6265818155301012,0.06398629148629148,"[{'key': 'rolling_zscore', 'label': 'rolling z-score jump', 'score': 0.4}]","[""rolling z-score jump""]",0.1,516.6,0.0,0.0,285.7929999999852
2026-02-05T13:50:00+00:00,2026-02-05T13:52:17+00:00,A,A27N,59 St - Columbus Circle,263.8,0,,,,0.0,0.0,0.0,0.0,,99.90185938922849,13.0,3.0,0.0,0.0,0.15747241725175526,0.44319569997556807,1.0,0.4486661277283751,255.8,247.8,300.0,251.80000000000004,14.966629547095799,232.60000000000002,251.8,271.0,247.8,10.900000000000006,11.999999999999972,8.0,1.0312744331508992,0.3999999999999991,0.5333333333333333,0.26666666666666666,137.0,0.0,0.0,163.89814061077152,0.18065548274382587,0.12068631640770956,0.0,0.6509060389625556,0.09906483126811504,"[{'key': 'station_baseline_deviation', 'label': 'station baseline deviation', 'score': 0.5333333333333333}, {'key': 'rolling_zscore', 'label': 'rolling z-score jump', 'score': 0.3999999999999991}]","[""station baseline deviation"", ""rolling z-score jump""]",0.09999999999999977,433.65000000000003,0.0,0.0,250.2071736385962
2026-02-05T13:50:00+00:00,2026-02-05T13:52:46+00:00,F,F09N,Jay St - MetroTech,322.8,0,,,,0.0,0.0,0.0,0.0,,137.77615185787874,13.0,3.0,0.0,0.0,0.7482447342026078,0.8101636941118984,1.0,0.07922392886014551,314.8,306.8,300.0,310.8,14.96662954709567,291.6,310.8,330.0,306.8,12.0,12.0,8.0,1.0254129606099112,0.4,0.5333333333333333,0.26666666666666666,166.0,0.0,0.0,185.02384814212127,0.1883138501024604,0.18155898819363786,0.0,0.5953148267121019,0.09842983840950807,"[{'key': 'station_baseline_deviation', 'label': 'station baseline deviation', 'score': 0.5333333333333333}, {'key': 'rolling_zscore', 'label': 'rolling z-score jump', 'score': 0.4}]","[""station baseline deviation"", ""rolling z-score jump""]",0.1,536.9,0.0,0.0,309.20648445274077
2026-02-05T13:50:00+00:00,2026-02-05T13:53:10+00:00,F,F20N,Bergen St,370.0,0,,,,0.0,0.0,0.0,0.0,,178.9216690512981,13.0,3.0,0.0,0.0,0.7482447342026078,0.5519179086244809,1.0,0.07922392886014551,362.0,354.0,300.0,358.0,14.966629547094955,267.8,358.0,623.0000000000001,358.0,20.0,12.0,8.0,1.022099447513812,0.4,0.4,0.03378378378378377,190.0,0.0,0.0,191.0783309487019,0.172367058340248,0.19884779933793795,0.0,0.5337383546053126,0.0712720756919652,"[{'key': 'station_baseline_deviation', 'label': 'station baseline deviation', 'score': 0.4}, {'key': 'rolling_zscore', 'label': 'rolling z-score jump', 'score': 0.4}]","[""station baseline deviation"", ""rolling z-score jump""]",0.1,654.1500000000001,0.0,0.0,355.417169408281
2026-02-05T13:55:00+00:00,2026-02-05T13:57:43+00:00,7,705N,74 St - Broadway,307.2,0,,,,0.0,0.0,0.0,0.0,,129.29066510220395,13.0,3.0,0.0,0.0,0.917753259779338,0.8878573173711214,1.0,0.809215844785772,299.2,291.2,300.0,287.2,14.966629547095812,268.0,287.2,306.4,283.2,12.0,20.0,8.0,1.0267379679144386,0.6666666666666666,0.8,0.4444444444444444,163.0,0.0,0.0,177.90933489779604,0.2539105339105339,0.1606073947326265,0.0,0.6194614724853623,0.1546541889483066,"[{'key': 'station_baseline_deviation', 'label': 'station baseline deviation', 'score': 0.8}, {'key': 'rolling_zscore', 'label': 'rolling z-score jump', 'score': 0.6666666666666666}]","[""station baseline deviation"", ""rolling z-score jump""]",0.16666666666666666,495.59999999999997,0.0,0.0,290.3643940826039
2026-02-05T13:55:00+00:00,2026-02-05T13:57:31+00:00,7,726N,Queensboro Plaza,283.6,0,,,,0.0,0.0,0.0,0.0,,195.1726161483681,13.0,3.0,0.0,0.0,0.917753259779338,0.2812118250671879,1.0,0.809215844785772,270.0,300.0,300.0,440.8333333333333,157.81054041687673,285.24,390.0,608.0,279.6,28.00000000000003,-157.2333333333333,13.600000000000023,1.0503703703703704,-0.9963424047467382,0.13333333333333333,-0.3296567108687569,151.0,0.0,0.0,88.42738385163193,0.04362147006472584,0.0,0.0,0.2005914189451008,0.01701234567901235,"[{'key': 'rolling_zscore', 'label': 'rolling z-score jump', 'score': 0.9963424047467382}]","[""rolling z-score jump""]",0.0,638.4,0.0,0.10765594255414043,361.2062022587796
2026-02-05T13:55:00+00:00,2026-02-05T13:57:43+00:00,A,A15N,125 St,307.2,0,,,,0.0,0.0,0.0,0.0,,124.94884852999542,13.0,3.0,0.0,0.0,0.15747241725175526,0.6457366235035427,1.0,0.4486661277283751,299.2,291.2,300.0,287.2,14.966629547097048,268.0,287.2,306.4,295.2,17.599999999999994,20.0,8.0,1.0267379679144386,0.6666666666666666,0.4,0.4444444444444444,163.0,0.0,0.0,182.25115147000457,0.19237319964391905,0.17340456238473592,0.0,0.6345792182103224,0.11998752228163993,"[{'key': 'rolling_zscore', 'label': 'rolling z-score jump', 'score': 0.6666666666666666}, {'key': 'station_baseline_deviation', 'label': 'station baseline deviation', 'score': 0.4}]","[""rolling z-score jump"", ""station baseline deviation""]",0.16666666666666666,516.6,0.0,0.0,290.4854499999904
2026-02-05T13:55:00+00:00,2026-02-05T13:57:25+00:00,A,A27N,59 St - Columbus Circle,271.8,0,,,,0.0,0.0,0.0,0.0,,106.70637459656601,13.0,3.0,0.0,0.0,0.15747241725175526,0.44319569997556807,1.0,0.4486661277283751,263.8,255.8,300.0,251.80000000000004,14.966629547095799,232.60000000000002,251.8,271.0,247.8,10.900000000000006,19.99999999999997,8.0,1.0303260045489007,0.6666666666666657,0.8,0.4444444444444444,145.0,0.0,0.0,165.093625403434,0.2539105339105339,0.12347683280779026,0.0,0.6556537942948133,0.1550428929170399,"[{'key': 'station_baseline_deviation', 'label': 'station baseline deviation', 'score': 0.8}, {'key': 'rolling_zscore', 'label': 'rolling z-score jump', 'score': 0.6666666666666657}]","[""station baseline deviation"", ""rolling z-score jump""]",0.16666666666666644,433.65000000000003,0.0,0.0,254.96466286508752
2026-02-05T13:55:00+00:00,2026-02-05T13:57:54+00:00,F,F09N,Jay St - MetroTech,330.8,0,,,,0.0,0.0,0.0,0.0,,144.68244882327386,13.0,3.0,0.0,0.0,0.7482447342026078,0.8101636941118984,1.0,0.07922392886014551,322.8,314.8,300.0,310.8,14.96662954709567,291.6,310.8,330.0,306.8,12.0,20.0,8.0,1.0247831474597273,0.6666666666666666,0.8,0.4444444444444444,174.0,0.0,0.0,186.11755117672615,0.2539105339105339,0.18317776636145106,0.0,0.5988338197449361,0.15444241673237954,"[{'key': 'station_baseline_deviation', 'label': 'station baseline deviation', 'score': 0.8}, {'key': 'rolling_zscore', 'label': 'rolling z-score jump', 'score': 0.6666666666666666}]","[""station baseline deviation"", ""rolling z-score jump""]",0.16666666666666666,536.9,0.0,0.0,313.9642148942815
2026-02-05T13:55:00+00:00,2026-02-05T13:58:18+00:00,F,F20N,Bergen St,378.0,0,,,,0.0,0.0,0.0,0.0,,182.79468647137227,13.0,3.0,0.0,0.0,0.7482447342026078,0.5519179086244809,1.0,0.07922392886014551,370.0,362.0,300.0,358.0,14.966629547094955,267.8,358.0,460.8,362.0,22.0,20.0,8.0,1.0216216216216216,0.6666666666666666,0.5333333333333333,0.10362694300518134,198.0,0.0,0.0,195.20531352862773,0.18981996696691103,0.20829531028606246,0.0,0.5452662389067814,0.10868075234914615,"[{'key': 'rolling_zscore', 'label': 'rolling z-score jump', 'score': 0.6666666666666666}, {'key': 'station_baseline_deviation', 'label': 'station baseline deviation', 'score': 0.5333333333333333}]","[""rolling z-score jump"", ""station baseline deviation""]",0.16666666666666666,633.5,0.0,0.0,360.52116011538266
